game_id,timestamp,crash_point,bet1_amount,bet1_target,bet1_type,bet1_result,bet1_profit,bet2_amount,bet2_target,bet2_type,bet2_result,bet2_profit,total_profit,balance_after,session_number,start_balance,end_balance,trades_made,win_rate,start_time,end_time,duration_minutes,strategy_used
1.0,2025-03-14 19:38:07,1.57,30.0,1.4203263718518868,conservative,win,12.609791155556604,20.0,2.844836814074056,aggressive,loss,-20.0,-7.390208844443396,992.6097911555566,1,,,,,,,,
2.0,2025-03-14 19:38:28,17.23,14.889146867333348,1.3199030354314631,conservative,win,4.763083277844799,9.926097911555567,2.695048482284268,aggressive,win,16.825217199987307,21.588300477832107,1014.1980916333888,1,,,,,,,,
3.0,2025-03-14 19:38:28,2.41,30.42594274900166,1.2,conservative,win,6.08518854980033,20.283961832667774,7.035963313983338,aggressive,loss,-20.283961832667774,-14.198773282867444,999.9993183505212,1,,,,,,,,
4.0,2025-03-14 19:38:39,1.01,14.99998977525782,1.2,conservative,loss,-14.99998977525782,9.999993183505213,6.639486176168509,aggressive,loss,-9.999993183505213,-24.99998295876303,974.9993353917582,1,,,,,,,,
5.0,2025-03-14 19:39:04,1.4,14.624990030876372,1.2,conservative,win,2.9249980061752736,9.749993353917583,6.199554210520558,aggressive,loss,-9.749993353917583,-6.824995347742309,968.174340044016,1,,,,,,,,
6.0,2025-03-14 19:39:21,1.81,11.618092080528193,1.2,conservative,win,2.323618416105638,7.745394720352128,5.86490751541126,aggressive,loss,-7.745394720352128,-5.421776304246491,962.7525637397696,1,,,,,,,,
7.0,2025-03-14 19:39:45,3.47,14.441288456096542,1.2,conservative,win,2.888257691219308,9.627525637397694,5.613187717139121,aggressive,loss,-9.627525637397694,-6.739267946178386,956.0132957935912,1,,,,,,,,
8.0,2025-03-14 19:40:05,2.12,14.340199436903868,1.2,conservative,win,2.868039887380773,9.560132957935911,5.525273261981761,aggressive,loss,-9.560132957935911,-6.6920930705551385,949.321202723036,1,,,,,,,,
9.0,2025-03-14 19:40:29,3.19,14.23981804084554,1.2,conservative,win,2.8479636081691075,9.49321202723036,5.3506415500546165,aggressive,loss,-9.49321202723036,-6.645248419061252,942.6759543039748,1,,,,,,,,
10.0,2025-03-14 19:40:51,2.14,14.14013931455962,1.2,conservative,win,2.8280278629119233,9.426759543039749,5.26831999433863,aggressive,loss,-9.426759543039749,-6.598731680127825,936.0772226238468,1,,,,,,,,
11.0,2025-03-14 19:41:04,2.2,14.041158339357702,1.2,conservative,win,2.80823166787154,9.360772226238469,5.129946376061456,aggressive,loss,-9.360772226238469,-6.552540558366928,929.52468206548,1,,,,,,,,
12.0,2025-03-14 19:41:04,1.1,13.942870230982198,1.2,conservative,loss,-13.942870230982198,9.295246820654798,5.009800896601569,aggressive,loss,-9.295246820654798,-23.238117051637,906.2865650138428,1,,,,,,,,
13.0,2025-03-14 19:41:15,1.13,10.875438780166114,1.2,conservative,loss,-10.875438780166114,7.250292520110744,4.849731283029225,aggressive,loss,-7.250292520110744,-18.125731300276858,888.160833713566,1,,,,,,,,
14.0,2025-03-14 19:41:36,1.93,10.657930004562791,1.2,conservative,win,2.131586000912558,0.0,0.0,none,none,0.0,2.131586000912558,890.2924197144786,1,,,,,,,,
15.0,2025-03-14 19:42:13,1.59,10.683509036573744,1.2,conservative,win,2.1367018073147483,0.0,0.0,none,none,0.0,2.1367018073147483,892.4291215217933,1,,,,,,,,
16.0,2025-03-14 19:42:42,4.46,13.386436822826898,1.2,conservative,win,2.677287364565379,8.924291215217933,4.5075947583884854,aggressive,loss,-8.924291215217933,-6.247003850652554,886.1821176711406,1,,,,,,,,
17.0,2025-03-14 19:43:13,6.16,13.29273176506711,1.2,conservative,win,2.6585463530134215,8.861821176711407,4.652157297551359,aggressive,win,32.36476488012174,35.02331123313516,921.2054289042758,1,,,,,,,,
18.0,2025-03-14 19:43:26,1.11,16.581697720276964,1.2,conservative,loss,-16.581697720276964,11.054465146851308,4.8017596776245055,aggressive,loss,-11.054465146851308,-27.63616286712827,893.5692660371476,1,,,,,,,,
19.0,2025-03-14 19:43:41,1.37,13.403538990557214,1.2,conservative,win,2.680707798111442,8.935692660371476,4.716763033803778,aggressive,loss,-8.935692660371476,-6.254984862260034,887.3142811748876,1,,,,,,,,
20.0,2025-03-14 19:44:14,717.0,13.309714217623313,1.2,conservative,win,2.661942843524662,8.873142811748876,4.7205849571990495,aggressive,win,33.01328166847174,35.675224511996404,922.989505686884,1,,,,,,,,
21.0,2025-03-14 19:44:27,1.22,13.84484258530326,1.2,conservative,win,2.7689685170606513,9.22989505686884,116.54363484186536,aggressive,loss,-9.22989505686884,-6.46092653980819,916.528579147076,1,,,,,,,,
22.0,2025-03-14 19:44:40,1.19,13.747928687206135,1.2,conservative,loss,-13.747928687206135,9.16528579147076,116.52823261580969,aggressive,loss,-9.16528579147076,-22.9132144786769,893.615364668399,1,,,,,,,,
23.0,2025-03-14 19:45:30,1.17,13.404230470025984,1.2,conservative,loss,-13.404230470025984,8.93615364668399,115.80114408390666,aggressive,loss,-8.93615364668399,-22.340384116709977,871.274980551689,1,,,,,,,,
24.0,2025-03-14 19:45:43,1.21,10.45529976662027,1.2,conservative,win,2.0910599533240535,6.970199844413513,115.74632254169026,aggressive,loss,-6.970199844413513,-4.87913989108946,866.3958406605996,1,,,,,,,,
25.0,2025-03-14 19:46:05,2.31,10.396750087927195,1.2,conservative,win,2.0793500175854387,6.931166725284797,115.75514378400275,aggressive,loss,-6.931166725284797,-4.851816707699358,861.5440239529001,1,,,,,,,,
26.0,2025-03-14 19:46:14,1.12,12.9231603592935,1.2,conservative,loss,-12.9231603592935,0.0,0.0,none,none,0.0,-12.9231603592935,848.6208635936066,1,,,,,,,,
27.0,2025-03-14 19:46:44,4.54,12.7293129539041,1.2,conservative,win,2.545862590780819,0.0,0.0,none,none,0.0,2.545862590780819,851.1667261843875,1,,,,,,,,
28.0,2025-03-14 19:47:06,3.18,12.767500892765812,1.2,conservative,win,2.5535001785531617,0.0,0.0,none,none,0.0,2.5535001785531617,853.7202263629406,1,,,,,,,,
29.0,2025-03-14 19:47:30,1.23,12.805803395444109,1.2,conservative,win,2.5611606790888213,8.537202263629407,115.8595965500374,aggressive,loss,-8.537202263629407,-5.976041584540585,847.7441847784,1,,,,,,,,
30.0,2025-03-14 19:47:30,2.04,12.716162771676,1.2,conservative,win,2.5432325543351997,8.477441847784,115.77282672145546,aggressive,loss,-8.477441847784,-5.9342092934488,841.8099754849512,1,,,,,,,,
31.0,2025-03-14 19:48:07,11.61,12.627149632274268,1.2,conservative,win,2.525429926454853,8.418099754849512,115.7684007450703,aggressive,loss,-8.418099754849512,-5.892669828394659,835.9173056565566,1,,,,,,,,
32.0,2025-03-14 19:48:23,2.84,12.538759584848348,1.2,conservative,win,2.507751916969669,8.359173056565565,116.1917895598632,aggressive,loss,-8.359173056565565,-5.851421139595896,830.0658845169608,1,,,,,,,,
33.0,2025-03-14 19:48:23,1.53,12.450988267754411,1.2,conservative,win,2.4901976535508816,8.300658845169608,116.26861846594304,aggressive,loss,-8.300658845169608,-5.810461191618726,824.255423325342,1,,,,,,,,
34.0,2025-03-14 19:48:40,1.49,12.36383134988013,1.2,conservative,win,2.4727662699760256,8.24255423325342,116.286235552357,aggressive,loss,-8.24255423325342,-5.769787963277395,818.4856353620646,1,,,,,,,,
35.0,2025-03-14 19:48:52,1.07,12.277284530430968,1.2,conservative,loss,-12.277284530430968,8.184856353620646,116.26682983556871,aggressive,loss,-8.184856353620646,-20.462140884051617,798.023494478013,1,,,,,,,,
36.0,2025-03-14 19:49:18,3.99,9.576281933736157,1.2,conservative,win,1.915256386747231,6.384187955824105,116.24392541846936,aggressive,loss,-6.384187955824105,-4.468931569076874,793.5545629089362,1,,,,,,,,
37.0,2025-03-14 19:49:44,3.01,9.522654754907236,1.2,conservative,win,1.9045309509814463,6.34843650327149,116.2230029141084,aggressive,loss,-6.34843650327149,-4.443905552290043,789.1106573566461,1,,,,,,,,
38.0,2025-03-14 19:49:58,1.56,11.836659860349693,1.2,conservative,win,2.3673319720699375,7.891106573566462,116.0825476248233,aggressive,loss,-7.891106573566462,-5.523774601496524,783.5868827551495,1,,,,,,,,
39.0,2025-03-14 19:50:47,8.16,11.753803241327242,1.2,conservative,win,2.3507606482654477,7.835868827551495,116.10238299977723,aggressive,loss,-7.835868827551495,-5.485108179286048,778.1017745758635,1,,,,,,,,
40.0,2025-03-14 19:50:47,26.22,11.671526618637952,1.2,conservative,win,2.3343053237275897,7.781017745758635,116.40520879010369,aggressive,loss,-7.781017745758635,-5.4467124220310446,772.6550621538324,1,,,,,,,,
41.0,2025-03-14 19:51:23,6.64,11.589825932307486,1.2,conservative,win,2.3179651864614965,7.726550621538324,6.8920209863621285,aggressive,loss,-7.726550621538324,-5.408585435076828,767.2464767187556,1,,,,,,,,
42.0,2025-03-14 19:51:32,1.12,11.508697150781334,1.2,conservative,loss,-11.508697150781334,7.672464767187556,7.157325062569582,aggressive,loss,-7.672464767187556,-19.18116191796889,748.0653148007867,1,,,,,,,,
43.0,2025-03-14 19:51:47,1.58,8.976783777609441,1.2,conservative,win,1.795356755521888,5.984522518406294,7.15479100180858,aggressive,loss,-5.984522518406294,-4.189165762884406,743.8761490379023,1,,,,,,,,
44.0,2025-03-14 19:52:07,2.21,8.926513788454828,1.2,conservative,win,1.7853027576909652,5.951009192303219,7.170009383215444,aggressive,loss,-5.951009192303219,-4.165706434612254,739.7104426032901,1,,,,,,,,
45.0,2025-03-14 19:52:33,3.88,11.09565663904935,1.2,conservative,win,2.2191313278098694,7.397104426032901,7.208407647914509,aggressive,loss,-7.397104426032901,-5.177973098223031,734.5324695050671,1,,,,,,,,
46.0,2025-03-14 19:53:07,7.1,11.017987042576006,1.2,conservative,win,2.2035974085152006,7.345324695050671,7.277780810391919,aggressive,loss,-7.345324695050671,-5.14172728653547,729.3907422185316,1,,,,,,,,
47.0,2025-03-14 19:53:37,5.84,10.940861133277972,1.2,conservative,win,2.188172226655594,7.293907422185316,7.56378037522476,aggressive,loss,-7.293907422185316,-5.105735195529721,724.285007023002,1,,,,,,,,
48.0,2025-03-14 19:53:53,1.25,10.86427510534503,1.2,conservative,win,2.1728550210690054,7.24285007023002,7.631132764981082,aggressive,loss,-7.24285007023002,-5.069995049161014,719.215011973841,1,,,,,,,,
49.0,2025-03-14 19:54:22,1.83,10.788225179607617,1.2,conservative,win,2.1576450359215227,7.19215011973841,7.556408682022733,aggressive,loss,-7.19215011973841,-5.034505083816887,714.1805068900242,1,,,,,,,,
50.0,2025-03-14 19:54:50,1.23,10.712707603350362,1.2,conservative,win,2.142541520670072,7.141805068900242,7.577929834348255,aggressive,loss,-7.141805068900242,-4.99926354823017,709.181243341794,1,,,,,,,,
51.0,2025-03-14 19:54:50,3.9,10.63771865012691,1.2,conservative,win,2.1275437300253817,7.091812433417941,7.548477336646078,aggressive,loss,-7.091812433417941,-4.964268703392559,704.2169746384016,1,,,,,,,,
52.0,2025-03-14 19:55:02,1.2,10.563254619576025,1.2,conservative,loss,-10.563254619576025,7.042169746384015,7.050841930092341,aggressive,loss,-7.042169746384015,-17.60542436596004,686.6115502724415,1,,,,,,,,
53.0,2025-03-14 19:55:15,1.25,8.239338603269298,1.2,conservative,win,1.6478677206538592,5.492892402179532,6.985781622620893,aggressive,loss,-5.492892402179532,-3.845024681525673,682.7665255909158,1,,,,,,,,
54.0,2025-03-14 19:55:51,4.69,8.19319830709099,1.2,conservative,win,1.6386396614181975,5.462132204727326,6.9754044522318335,aggressive,loss,-5.462132204727326,-3.8234925433091287,678.9430330476066,1,,,,,,,,
55.0,2025-03-14 19:56:11,2.36,10.184145495714098,1.2,conservative,win,2.0368290991428193,6.789430330476066,7.117645489991332,aggressive,loss,-6.789430330476066,-4.752601231333247,674.1904318162733,1,,,,,,,,
56.0,2025-03-14 19:56:42,21.03,10.1128564772441,1.2,conservative,win,2.0225712954488193,6.741904318162733,7.166135309703735,aggressive,win,41.57149427086732,43.59406556631614,717.7844973825895,1,,,,,,,,
57.0,2025-03-14 19:56:43,1.93,10.766767460738842,1.2,conservative,win,2.153353492147768,7.177844973825895,8.562389168233826,aggressive,loss,-7.177844973825895,-5.024491481678127,712.7600059009113,1,,,,,,,,
58.0,2025-03-14 19:57:11,4.41,10.691400088513667,1.2,conservative,win,2.1382800177027335,7.127600059009113,8.51999063740635,aggressive,loss,-7.127600059009113,-4.98932004130638,707.770685859605,1,,,,,,,,
59.0,2025-03-14 19:57:12,5.0,10.616560287894076,1.2,conservative,win,2.1233120575788145,7.07770685859605,8.636957315618247,aggressive,loss,-7.07770685859605,-4.954394801017235,702.8162910585878,1,,,,,,,,
60.0,2025-03-14 19:57:34,21.03,10.542244365878815,1.2,conservative,win,2.108448873175763,7.028162910585878,8.463493914467952,aggressive,win,52.45465111304706,54.563099986222824,757.3793910448106,1,,,,,,,,
61.0,2025-03-14 19:57:34,2.47,11.36069086567216,1.2,conservative,win,2.2721381731344312,7.573793910448107,7.8076775575213215,aggressive,loss,-7.573793910448107,-5.301655737313675,752.0777353074969,1,,,,,,,,
62.0,2025-03-14 19:57:58,2.91,11.281166029612454,1.2,conservative,win,2.25623320592249,7.520777353074969,7.604961425605215,aggressive,loss,-7.520777353074969,-5.264544147152479,746.8131911603444,1,,,,,,,,
63.0,2025-03-14 19:58:19,2.57,11.202197867405166,1.2,conservative,win,2.2404395734810327,7.468131911603445,7.672348709336491,aggressive,loss,-7.468131911603445,-5.227692338122412,741.585498822222,1,,,,,,,,
64.0,2025-03-14 19:58:51,3.96,11.12378248233333,1.2,conservative,win,2.2247564964666653,7.41585498822222,7.709501994206064,aggressive,loss,-7.41585498822222,-5.191098491755555,736.3944003304664,1,,,,,,,,
65.0,2025-03-14 19:59:01,1.17,11.045916004956997,1.2,conservative,loss,-11.045916004956997,7.363944003304664,7.782433478870264,aggressive,loss,-7.363944003304664,-18.40986000826166,717.9845403222047,1,,,,,,,,
66.0,2025-03-14 19:59:36,3.14,8.615814483866457,1.2,conservative,win,1.7231628967732908,5.743876322577638,7.675909191213648,aggressive,loss,-5.743876322577638,-4.020713425804347,713.9638268964003,1,,,,,,,,
67.0,2025-03-14 20:00:04,4.9,8.567565922756804,1.2,conservative,win,1.7135131845513605,5.711710615171203,7.471537626392509,aggressive,loss,-5.711710615171203,-3.9981974306198422,709.9656294657805,1,,,,,,,,
68.0,2025-03-14 20:00:18,9.07,10.649484441986706,1.2,conservative,win,2.1298968883973406,7.099656294657805,7.4214658694546465,aggressive,win,45.590200581003934,47.720097469401274,757.6857269351817,1,,,,,,,,
69.0,2025-03-14 20:00:18,1.26,11.365285904027726,1.2,conservative,win,2.2730571808055444,7.576857269351818,7.824718929760766,aggressive,loss,-7.576857269351818,-5.303800088546273,752.3819268466355,1,,,,,,,,
70.0,2025-03-14 20:00:35,4.23,11.285728902699532,1.2,conservative,win,2.257145780539906,7.523819268466355,7.804898443957326,aggressive,loss,-7.523819268466355,-5.2666734879264485,747.115253358709,1,,,,,,,,
71.0,2025-03-14 20:00:35,1.83,11.206728800380636,1.2,conservative,win,2.2413457600761264,7.47115253358709,7.924010892835955,aggressive,loss,-7.47115253358709,-5.229806773510964,741.885446585198,1,,,,,,,,
72.0,2025-03-14 20:01:04,3.44,11.12828169877797,1.2,conservative,win,2.2256563397555933,7.41885446585198,7.840834410579711,aggressive,loss,-7.41885446585198,-5.193198126096386,736.6922484591016,1,,,,,,,,
73.0,2025-03-14 20:01:38,2.21,11.050383726886524,1.2,conservative,win,2.2100767453773043,7.366922484591016,7.925334078046886,aggressive,loss,-7.366922484591016,-5.156845739213711,731.5354027198879,1,,,,,,,,
74.0,2025-03-14 20:02:53,6.26,10.973031040798318,1.2,conservative,win,2.194606208159663,7.315354027198879,7.9585723870158604,aggressive,loss,-7.315354027198879,-5.120747819039216,726.4146549008487,1,,,,,,,,
75.0,2025-03-14 20:02:54,12.35,10.89621982351273,1.2,conservative,win,2.1792439647025454,7.264146549008488,8.03887495222357,aggressive,win,51.13141919309712,53.31066315779967,779.7253180586484,1,,,,,,,,
76.0,2025-03-14 20:03:47,1.67,11.695879770879726,1.2,conservative,win,2.3391759541759445,7.797253180586485,8.62010893336249,aggressive,loss,-7.797253180586485,-5.45807722641054,774.2672408322379,1,,,,,,,,
77.0,2025-03-14 20:03:47,2.89,11.614008612483568,1.2,conservative,win,2.3228017224967132,7.742672408322379,7.081408921694618,aggressive,loss,-7.742672408322379,-5.419870685825666,768.8473701464122,1,,,,,,,,
78.0,2025-03-14 20:04:17,4.56,11.532710552196184,1.2,conservative,win,2.3065421104392363,7.688473701464123,7.116779106584616,aggressive,loss,-7.688473701464123,-5.381931591024886,763.4654385553873,1,,,,,,,,
79.0,2025-03-14 20:04:28,1.38,11.451981578330807,1.2,conservative,win,2.290396315666161,7.6346543855538735,7.12398507457797,aggressive,loss,-7.6346543855538735,-5.3442580698877125,758.1211804854996,1,,,,,,,,
,,,,,,,,,,,,,,,1,1000.0,758.1211804854996,153.0,0.4901960784313725,2025-03-14 19:38:07.737941,2025-03-14 20:04:28.565333,26.3471232,default
81.0,2025-03-14 20:10:17,25.73,30.0,1.2,conservative,win,5.999999999999998,15.0,5.94993158005685,aggressive,win,74.24897370085274,80.24897370085274,1080.2489737008527,81,,,,,,,,
82.0,2025-03-14 20:10:59,13.53,32.40746921102558,1.2,conservative,win,6.481493842205114,16.20373460551279,5.94993158005685,aggressive,win,80.20737763868777,86.68887148089289,1166.9378451817456,81,,,,,,,,
83.0,2025-03-14 20:11:23,2.46,35.00813535545237,1.2,conservative,win,7.001627071090472,17.504067677726184,5.94993158005685,aggressive,loss,-17.504067677726184,-10.502440606635712,1156.43540457511,81,,,,,,,,
84.0,2025-03-14 20:11:48,2.32,41.63167456470396,1.2,conservative,win,8.326334912940789,20.81583728235198,5.94993158005685,aggressive,loss,-20.81583728235198,-12.48950236941119,1143.9459022056988,81,,,,,,,,
85.0,2025-03-14 20:12:02,1.37,34.31837706617096,1.2,conservative,win,6.863675413234191,17.15918853308548,5.94993158005685,aggressive,loss,-17.15918853308548,-10.29551311985129,1133.6503890858476,81,,,,,,,,
86.0,2025-03-14 20:12:31,3.29,34.00951167257543,1.2,conservative,win,6.801902334515084,17.004755836287714,5.94993158005685,aggressive,loss,-17.004755836287714,-10.20285350177263,1123.4475355840748,81,,,,,,,,
87.0,2025-03-14 20:12:57,3.65,33.703426067522244,1.2,conservative,win,6.740685213504447,16.851713033761122,5.94993158005685,aggressive,loss,-16.851713033761122,-10.111027820256677,1113.3365077638182,81,,,,,,,,
88.0,2025-03-14 20:13:37,9.98,33.400095232914545,1.2,conservative,win,6.680019046582908,16.700047616457272,5.94993158005685,aggressive,win,82.66409308515497,89.34411213173789,1202.680619895556,81,,,,,,,,
89.0,2025-03-14 20:13:55,1.43,36.08041859686668,1.2,conservative,win,7.2160837193733345,18.04020929843334,5.94993158005685,aggressive,loss,-18.04020929843334,-10.824125579060006,1191.856494316496,81,,,,,,,,
90.0,2025-03-14 20:14:10,1.35,35.75569482949487,1.2,conservative,win,7.151138965898973,17.877847414747436,5.94993158005685,aggressive,loss,-17.877847414747436,-10.726708448848465,1181.1297858676471,81,,,,,,,,
91.0,2025-03-14 20:14:34,2.69,35.43389357602942,1.2,conservative,win,7.086778715205882,17.71694678801471,5.94993158005685,aggressive,loss,-17.71694678801471,-10.630168072808829,1170.4996177948383,81,,,,,,,,
92.0,2025-03-14 20:14:48,1.37,35.11498853384516,1.2,conservative,win,7.02299770676903,17.55749426692258,5.94993158005685,aggressive,loss,-17.55749426692258,-10.53449656015355,1159.965121234685,81,,,,,,,,
93.0,2025-03-14 20:15:15,1.43,34.79895363704055,1.2,conservative,win,6.959790727408108,17.399476818520274,5.94993158005685,aggressive,loss,-17.399476818520274,-10.439686091112163,1149.5254351435728,81,,,,,,,,
94.0,2025-03-14 20:16:05,24.9,34.485763054307185,1.2,conservative,win,6.897152610861435,17.242881527153592,5.94993158005685,aggressive,win,85.35108380243645,92.24823641329787,1241.7736715568708,81,,,,,,,,
95.0,2025-03-14 20:16:28,2.43,37.25321014670613,1.2,conservative,win,7.450642029341223,18.626605073353065,5.94993158005685,aggressive,loss,-18.626605073353065,-11.17596304401184,1230.5977085128588,81,,,,,,,,
96.0,2025-03-14 20:16:54,3.04,36.91793125538577,1.2,conservative,win,7.383586251077152,18.458965627692884,5.94993158005685,aggressive,loss,-18.458965627692884,-11.075379376615732,1219.5223291362431,81,,,,,,,,
97.0,2025-03-14 20:17:14,2.58,36.585669874087294,1.2,conservative,win,7.317133974817457,18.292834937043647,5.94993158005685,aggressive,loss,-18.292834937043647,-10.97570096222619,1208.5466281740169,81,,,,,,,,
98.0,2025-03-14 20:17:26,1.01,36.2563988452205,1.2,conservative,loss,-36.2563988452205,18.12819942261025,5.94993158005685,aggressive,loss,-18.12819942261025,-54.384598267830754,1154.162029906186,81,,,,,,,,
99.0,2025-03-14 20:17:46,1.74,27.699888717748465,1.2,conservative,win,5.5399777435496915,13.849944358874232,5.94993158005685,aggressive,loss,-13.849944358874232,-8.30996661532454,1145.8520632908617,81,,,,,,,,
100.0,2025-03-14 20:17:58,1.06,27.50044951898068,1.2,conservative,loss,-27.50044951898068,13.75022475949034,5.94993158005685,aggressive,loss,-13.75022475949034,-41.250674278471024,1104.6013890123909,81,,,,,,,,
101.0,2025-03-14 20:18:24,2.96,26.51043333629738,1.2,conservative,win,5.302086667259474,0.0,0.0,none,none,0.0,5.302086667259474,1109.9034756796502,81,,,,,,,,
102.0,2025-03-14 20:18:51,3.67,33.297104270389504,1.2,conservative,win,6.659420854077899,0.0,0.0,none,none,0.0,6.659420854077899,1116.5628965337282,81,,,,,,,,
103.0,2025-03-14 20:19:06,1.41,33.496886896011844,1.2,conservative,win,6.699377379202367,16.748443448005922,6.474705451482929,aggressive,loss,-16.748443448005922,-10.049066068803556,1106.5138304649247,81,,,,,,,,
104.0,2025-03-14 20:19:32,2.95,33.19541491394774,1.2,conservative,win,6.639082982789546,16.59770745697387,6.474705451482929,aggressive,loss,-16.59770745697387,-9.958624474184322,1096.5552059907402,81,,,,,,,,
105.0,2025-03-14 20:19:49,1.44,32.89665617972221,1.2,conservative,win,6.57933123594444,16.448328089861104,6.474705451482929,aggressive,loss,-16.448328089861104,-9.868996853916665,1086.6862091368234,81,,,,,,,,
106.0,2025-03-14 20:20:49,45.52,32.6005862741047,1.2,conservative,win,6.5201172548209385,16.30029313705235,6.474705451482929,aggressive,win,89.23930369819028,95.75942095301122,1182.4456300898346,81,,,,,,,,
107.0,2025-03-14 20:21:03,1.34,35.473368902695036,1.2,conservative,win,7.094673780539005,17.736684451347518,7.659992614399656,aggressive,loss,-17.736684451347518,-10.642010670808514,1171.803619419026,81,,,,,,,,
108.0,2025-03-14 20:21:53,23.22,35.15410858257078,1.2,conservative,win,7.030821716514154,17.57705429128539,7.659992614399656,aggressive,win,117.06305176286246,124.0938734793766,1295.8974928984026,81,,,,,,,,
109.0,2025-03-14 20:22:23,4.95,46.65230974434249,1.2,conservative,win,9.330461948868496,23.326154872171244,7.659992614399656,aggressive,loss,-23.326154872171244,-13.995692923302748,1281.9017999751,81,,,,,,,,
110.0,2025-03-14 20:22:56,1.89,38.457053999253,1.2,conservative,win,7.691410799850598,19.2285269996265,7.659992614399656,aggressive,loss,-19.2285269996265,-11.537116199775902,1270.3646837753242,81,,,,,,,,
111.0,2025-03-14 20:23:50,5.75,38.11094051325973,1.2,conservative,win,7.622188102651943,19.055470256629864,7.659992614399656,aggressive,loss,-19.055470256629864,-11.43328215397792,1258.9314016213464,81,,,,,,,,
112.0,2025-03-14 20:24:09,1.9,37.76794204864039,1.2,conservative,win,7.553588409728077,18.883971024320196,7.738446584457819,aggressive,loss,-18.883971024320196,-11.33038261459212,1247.6010190067543,81,,,,,,,,
113.0,2025-03-14 20:24:30,1.86,37.42803057020263,1.2,conservative,win,7.485606114040524,18.714015285101315,7.738446584457819,aggressive,loss,-18.714015285101315,-11.22840917106079,1236.3726098356935,81,,,,,,,,
114.0,2025-03-14 20:25:01,12.35,37.0911782950708,1.2,conservative,win,7.418235659014159,18.5455891475354,7.738446584457819,aggressive,win,124.96846184796792,132.38669750698207,1368.7593073426758,81,,,,,,,,
115.0,2025-03-14 20:25:01,5.43,41.06277922028027,1.2,conservative,win,8.212555844056052,20.531389610140135,7.738446584457819,aggressive,loss,-20.531389610140135,-12.318833766084085,1356.4404735765916,81,,,,,,,,
116.0,2025-03-14 20:25:27,3.77,40.69321420729774,1.2,conservative,win,8.138642841459546,20.34660710364887,7.738446584457819,aggressive,loss,-20.34660710364887,-12.207964262189323,1344.2325093144025,81,,,,,,,,
117.0,2025-03-14 20:28:14,2.47,30.0,1.2,conservative,win,5.999999999999998,15.0,7.942387488336471,aggressive,loss,-15.0,-9.000000000000002,991.0,117,,,,,,,,
118.0,2025-03-14 20:28:29,1.24,14.865,1.2,conservative,win,2.9729999999999994,7.4325,7.942387488336471,aggressive,loss,-7.4325,-4.4595,986.5405,117,,,,,,,,
119.0,2025-03-14 20:28:52,2.51,14.7981075,1.2,conservative,win,2.959621499999999,7.399053749999999,7.942387488336471,aggressive,loss,-7.399053749999999,-4.43943225,982.10106775,117,,,,,,,,
120.0,2025-03-14 20:29:10,1.89,14.73151601625,1.2,conservative,win,2.9463032032499994,7.365758008125,7.942387488336471,aggressive,loss,-7.365758008125,-4.419454804875,977.6816129451248,117,,,,,,,,
121.0,2025-03-14 20:29:40,4.39,14.665224194176874,1.2,conservative,win,2.9330448388353743,7.332612097088437,7.942387488336471,aggressive,loss,-7.332612097088437,-4.399567258253063,973.2820456868718,117,,,,,,,,
122.0,2025-03-14 20:36:14,4.95,30.0,1.2,conservative,win,5.999999999999998,15.0,7.802869197510451,aggressive,loss,-15.0,-9.000000000000002,991.0,122,,,,,,,,
123.0,2025-03-14 20:36:32,1.9,14.865,1.2,conservative,win,2.9729999999999994,7.4325,7.802869197510451,aggressive,loss,-7.4325,-4.4595,986.5405,122,,,,,,,,
124.0,2025-03-14 20:36:44,1.11,14.7981075,1.2,conservative,loss,-14.7981075,7.399053749999999,7.802869197510451,aggressive,loss,-7.399053749999999,-22.197161249999997,964.34333875,122,,,,,,,,
125.0,2025-03-14 20:37:01,1.34,11.572120065,1.2,conservative,win,2.3144240129999996,5.7860600325,7.802869197510451,aggressive,loss,-5.7860600325,-3.4716360195000004,960.8717027305,122,,,,,,,,
126.0,2025-03-14 20:37:14,1.1,11.530460432766,1.2,conservative,loss,-11.530460432766,5.765230216382999,7.802869197510451,aggressive,loss,-5.765230216382999,-17.295690649148998,943.576012081351,122,,,,,,,,
127.0,2025-03-14 20:37:39,3.25,11.322912144976211,1.2,conservative,win,2.264582428995242,0.0,0.0,none,none,0.0,2.264582428995242,945.8405945103462,122,,,,,,,,
128.0,2025-03-14 20:37:51,1.12,14.187608917655194,1.2,conservative,loss,-14.187608917655194,0.0,0.0,none,none,0.0,-14.187608917655194,931.652985592691,122,,,,,,,,
129.0,2025-03-14 20:38:11,1.99,11.179835827112292,1.2,conservative,win,2.235967165422458,0.0,0.0,none,none,0.0,2.235967165422458,933.8889527581136,122,,,,,,,,
130.0,2025-03-14 20:38:44,4.75,14.008334291371703,1.2,conservative,win,2.80166685827434,0.0,0.0,none,none,0.0,2.80166685827434,936.6906196163878,122,,,,,,,,
131.0,2025-03-14 20:39:19,8.66,14.050359294245816,1.2,conservative,win,2.8100718588491627,7.025179647122909,7.544558542307951,aggressive,win,45.97669947082619,48.786771329675354,985.4773909460632,122,,,,,,,,
132.0,2025-03-14 20:39:39,2.21,17.738593037029137,1.2,conservative,win,3.5477186074058267,8.869296518514568,7.544558542307951,aggressive,loss,-8.869296518514568,-5.321577911108742,980.1558130349543,122,,,,,,,,
133.0,2025-03-14 20:39:55,1.23,17.64280463462918,1.2,conservative,win,3.528560926925835,8.82140231731459,7.544558542307951,aggressive,loss,-8.82140231731459,-5.292841390388755,974.8629716445656,122,,,,,,,,
134.0,2025-03-14 20:40:19,2.19,14.622944574668486,1.2,conservative,win,2.9245889149336963,7.311472287334243,6.747102780558646,aggressive,loss,-7.311472287334243,-4.386883372400547,970.4760882721652,122,,,,,,,,
135.0,2025-03-14 20:40:36,1.89,14.557141324082476,1.2,conservative,win,2.9114282648164944,7.278570662041238,6.747102780558646,aggressive,loss,-7.278570662041238,-4.367142397224743,966.1089458749404,122,,,,,,,,
136.0,2025-03-14 20:41:04,3.25,14.491634188124106,1.2,conservative,win,2.898326837624821,7.245817094062053,6.747102780558646,aggressive,loss,-7.245817094062053,-4.347490256437233,961.7614556185032,122,,,,,,,,
137.0,2025-03-14 20:41:16,1.07,14.426421834277548,1.2,conservative,loss,-14.426421834277548,7.213210917138774,6.747102780558646,aggressive,loss,-7.213210917138774,-21.63963275141632,940.1218228670868,122,,,,,,,,
138.0,2025-03-14 20:41:44,3.29,11.281461874405045,1.2,conservative,win,2.256292374881008,5.640730937202521,6.747102780558646,aggressive,loss,-5.640730937202521,-3.384438562321513,936.7373843047652,122,,,,,,,,
139.0,2025-03-14 20:42:24,5.37,11.240848611657183,1.2,conservative,win,2.2481697223314363,5.6204243058285925,6.594210173035915,aggressive,loss,-5.6204243058285925,-3.372254583497156,933.3651297212682,122,,,,,,,,
140.0,2025-03-14 20:42:37,1.24,14.000476945819022,1.2,conservative,win,2.8000953891638036,7.000238472909511,6.594210173035915,aggressive,loss,-7.000238472909511,-4.200143083745708,929.1649866375226,122,,,,,,,,
141.0,2025-03-14 20:43:20,14.37,13.93747479956284,1.2,conservative,win,2.7874949599125673,6.9687373997814195,6.594210173035915,aggressive,win,38.984581655073065,41.77207661498563,970.9370632525082,122,,,,,,,,
142.0,2025-03-14 20:43:56,7.67,14.564055948787622,1.2,conservative,win,2.912811189757524,7.282027974393811,6.594210173035915,aggressive,win,40.73719497468598,43.650006164443504,1014.5870694169516,122,,,,,,,,
143.0,2025-03-14 20:44:15,1.75,36.52513449901026,1.2,conservative,win,7.3050268998020496,18.26256724950513,6.594210173035915,aggressive,loss,-18.26256724950513,-10.95754034970308,1003.6295290672488,122,,,,,,,,
144.0,2025-03-14 20:44:35,1.57,36.13066304642096,1.2,conservative,win,7.22613260928419,18.06533152321048,6.989245743471014,aggressive,loss,-18.06533152321048,-10.839198913926287,992.7903301533224,122,,,,,,,,
145.0,2025-03-14 20:44:58,2.64,14.891854952299836,1.2,conservative,win,2.9783709904599664,7.445927476149918,6.989245743471014,aggressive,loss,-7.445927476149918,-4.4675564856899515,988.3227736676324,122,,,,,,,,
146.0,2025-03-14 20:45:16,1.89,14.824841605014488,1.2,conservative,win,2.964968321002897,7.412420802507244,6.989245743471014,aggressive,loss,-7.412420802507244,-4.447452481504347,983.8753211861282,122,,,,,,,,
147.0,2025-03-14 20:46:13,35.81,14.758129817791922,1.2,conservative,win,2.9516259635583837,7.379064908895961,6.989245743471014,aggressive,win,44.19503309640146,47.146659059959845,1031.021980246088,122,,,,,,,,
148.0,2025-03-14 20:46:26,1.3,30.93065940738264,1.2,conservative,win,6.186131881476527,15.46532970369132,6.989245743471014,aggressive,loss,-15.46532970369132,-9.279197822214794,1021.7427824238732,122,,,,,,,,
149.0,2025-03-14 20:47:10,12.18,30.6522834727162,1.2,conservative,win,6.130456694543239,15.3261417363581,7.423271792054513,aggressive,win,98.44397389617836,104.5744305907216,1126.317213014595,122,,,,,,,,
150.0,2025-03-14 20:48:02,8.16,40.547419668525414,1.2,conservative,win,8.10948393370508,20.273709834262707,7.423271792054513,aggressive,win,130.22354849871783,138.33303243242293,1264.6502454470178,122,,,,,,,,
151.0,2025-03-14 20:48:02,10.27,45.52740883609264,1.2,conservative,win,9.105481767218526,22.76370441804632,7.423271792054513,aggressive,win,146.21746047110364,155.32294223832216,1419.97318768534,122,,,,,,,,
152.0,2025-03-14 20:48:12,1.0,50.0,1.2,conservative,loss,-50.0,25.55951737833612,7.423271792054513,aggressive,loss,-25.55951737833612,-75.55951737833612,1344.413670307004,122,,,,,,,,
153.0,2025-03-14 20:48:31,1.69,40.33241010921011,1.2,conservative,win,8.066482021842022,20.166205054605054,7.423271792054513,aggressive,loss,-20.166205054605054,-12.099723032763036,1332.3139472742407,122,,,,,,,,
154.0,2025-03-14 20:48:50,1.45,39.96941841822722,1.2,conservative,win,7.993883683645443,19.98470920911361,7.810330166482396,aggressive,loss,-19.98470920911361,-11.990825525468168,1320.3231217487726,122,,,,,,,,
155.0,2025-03-14 20:49:19,4.56,39.60969365246318,1.2,conservative,win,7.921938730492634,19.80484682623159,7.810330166482396,aggressive,loss,-19.80484682623159,-11.882908095738957,1308.4402136530337,122,,,,,,,,
156.0,2025-03-14 20:49:43,3.21,39.25320640959101,1.2,conservative,win,7.8506412819182,19.626603204795504,7.810330166482396,aggressive,loss,-19.626603204795504,-11.775961922877304,1296.6642517301564,122,,,,,,,,
157.0,2025-03-14 20:49:55,1.09,38.89992755190469,1.2,conservative,loss,-38.89992755190469,19.449963775952344,7.810330166482396,aggressive,loss,-19.449963775952344,-58.34989132785704,1238.3143604022994,122,,,,,,,,
158.0,2025-03-14 20:50:08,1.15,29.719544649655184,1.2,conservative,loss,-29.719544649655184,14.859772324827592,7.810330166482396,aggressive,loss,-14.859772324827592,-44.57931697448278,1193.7350434278164,122,,,,,,,,
159.0,2025-03-14 20:50:19,1.0,28.649641042267593,1.2,conservative,loss,-28.649641042267593,0.0,0.0,none,none,0.0,-28.649641042267593,1165.0854023855488,122,,,,,,,,
160.0,2025-03-14 20:50:30,1.05,27.96204965725317,1.2,conservative,loss,-27.96204965725317,0.0,0.0,none,none,0.0,-27.96204965725317,1137.1233527282957,122,,,,,,,,
161.0,2025-03-14 20:50:51,2.45,27.290960465479095,1.2,conservative,win,5.458192093095818,0.0,0.0,none,none,0.0,5.458192093095818,1142.5815448213916,122,,,,,,,,
162.0,2025-03-14 20:51:09,1.45,27.421957075713397,1.2,conservative,win,5.484391415142678,0.0,0.0,none,none,0.0,5.484391415142678,1148.0659362365343,122,,,,,,,,
163.0,2025-03-14 20:51:09,1.34,34.441978087096025,1.2,conservative,win,6.888395617419204,0.0,0.0,none,none,0.0,6.888395617419204,1154.9543318539536,122,,,,,,,,
164.0,2025-03-14 20:51:27,1.83,34.64862995561861,1.2,conservative,win,6.92972599112372,0.0,0.0,none,none,0.0,6.92972599112372,1161.8840578450772,122,,,,,,,,
165.0,2025-03-14 20:51:41,1.12,41.82782608242278,1.2,conservative,loss,-41.82782608242278,20.91391304121139,5.65549714537525,aggressive,loss,-20.91391304121139,-62.741739123634176,1099.1423187214432,122,,,,,,,,
166.0,2025-03-14 20:51:58,1.64,32.9742695616433,1.2,conservative,win,6.594853912328658,16.48713478082165,5.65549714537525,aggressive,loss,-16.48713478082165,-9.89228086849299,1089.2500378529503,122,,,,,,,,
167.0,2025-03-14 20:52:13,1.49,32.67750113558851,1.2,conservative,win,6.5355002271177,16.338750567794253,5.212765294737683,aggressive,loss,-16.338750567794253,-9.803250340676554,1079.4467875122737,122,,,,,,,,
168.0,2025-03-14 20:52:47,1.39,32.38340362536821,1.2,conservative,win,6.47668072507364,16.191701812684105,5.212765294737683,aggressive,loss,-16.191701812684105,-9.715021087610465,1069.7317664246632,122,,,,,,,,
169.0,2025-03-14 20:53:01,1.21,32.09195299273989,1.2,conservative,win,6.418390598547977,16.045976496369946,5.212765294737683,aggressive,loss,-16.045976496369946,-9.62758589782197,1060.1041805268412,122,,,,,,,,
170.0,2025-03-14 20:53:23,2.8,31.803125415805237,1.2,conservative,win,6.360625083161046,15.901562707902618,5.212765294737683,aggressive,loss,-15.901562707902618,-9.540937624741574,1050.5632429020995,122,,,,,,,,
171.0,2025-03-14 20:53:35,1.15,31.516897287062985,1.2,conservative,loss,-31.516897287062985,15.758448643531493,5.212765294737683,aggressive,loss,-15.758448643531493,-47.27534593059448,1003.2878969715052,122,,,,,,,,
172.0,2025-03-14 20:54:06,5.86,24.078909527316124,1.2,conservative,win,4.815781905463224,12.039454763658062,5.149646830939898,aggressive,win,49.95948530625794,54.775267211721165,1058.0631641832265,122,,,,,,,,
173.0,2025-03-14 20:54:23,1.7,31.741894925496787,1.2,conservative,win,6.348378985099356,15.870947462748394,5.149646830939898,aggressive,loss,-15.870947462748394,-9.522568477649038,1048.5405957055773,122,,,,,,,,
174.0,2025-03-14 20:54:48,3.59,31.45621787116732,1.2,conservative,win,6.291243574233462,15.72810893558366,5.149646830939898,aggressive,loss,-15.72810893558366,-9.436865361350195,1039.1037303442272,122,,,,,,,,
175.0,2025-03-14 20:55:02,1.21,31.173111910326817,1.2,conservative,win,6.2346223820653615,15.586555955163409,5.149646830939898,aggressive,loss,-15.586555955163409,-9.351933573098044,1029.751796771129,122,,,,,,,,
176.0,2025-03-14 20:55:19,1.94,30.89255390313387,1.2,conservative,win,6.178510780626772,15.446276951566936,5.149646830939898,aggressive,loss,-15.446276951566936,-9.267766170940163,1020.4840306001888,122,,,,,,,,
177.0,2025-03-14 20:55:45,3.86,30.614520918005663,1.2,conservative,win,6.122904183601131,15.307260459002832,5.207651954429646,aggressive,loss,-15.307260459002832,-9.1843562754017,1011.2996743247872,122,,,,,,,,
178.0,2025-03-14 20:56:08,2.67,30.33899022974361,1.2,conservative,win,6.067798045948721,15.169495114871806,5.207651954429646,aggressive,loss,-15.169495114871806,-9.101697068923084,1002.197977255864,122,,,,,,,,
179.0,2025-03-14 20:56:21,1.26,30.065939317675923,1.2,conservative,win,6.013187863535183,15.032969658837962,5.207651954429646,aggressive,loss,-15.032969658837962,-9.019781795302778,993.1781954605614,122,,,,,,,,
180.0,2025-03-14 20:56:39,1.94,14.89767293190842,1.2,conservative,win,2.9795345863816833,7.44883646595421,5.207651954429646,aggressive,loss,-7.44883646595421,-4.469301879572527,988.7088935809888,122,,,,,,,,
181.0,2025-03-14 20:56:59,2.1,14.830633403714833,1.2,conservative,win,2.966126680742966,7.415316701857416,5.207651954429646,aggressive,loss,-7.415316701857416,-4.44919002111445,984.2597035598744,122,,,,,,,,
182.0,2025-03-14 20:57:11,1.15,14.763895553398116,1.2,conservative,loss,-14.763895553398116,7.381947776699058,5.063344317781146,aggressive,loss,-7.381947776699058,-22.145843330097176,962.1138602297772,122,,,,,,,,
183.0,2025-03-14 20:57:46,7.71,11.545366322757328,1.2,conservative,win,2.309073264551465,5.772683161378664,5.063344317781146,aggressive,win,23.456399322138896,25.76547258669036,987.8793328164676,122,,,,,,,,
184.0,2025-03-14 20:58:01,1.51,14.818189992247014,1.2,conservative,win,2.963637998449402,7.409094996123507,5.063344317781146,aggressive,loss,-7.409094996123507,-4.445456997674105,983.4338758187936,122,,,,,,,,
185.0,2025-03-14 20:58:18,1.79,14.7515081372819,1.2,conservative,win,2.9503016274563794,7.37575406864095,5.063344317781146,aggressive,loss,-7.37575406864095,-4.4254524411845715,979.0084233776088,122,,,,,,,,
186.0,2025-03-14 20:58:32,1.41,14.685126350664133,1.2,conservative,win,2.937025270132826,7.342563175332066,5.063344317781146,aggressive,loss,-7.342563175332066,-4.405537905199241,974.6028854724096,122,,,,,,,,
187.0,2025-03-14 20:59:00,1.34,14.619043282086144,1.2,conservative,win,2.9238086564172283,7.309521641043072,5.124957382084944,aggressive,loss,-7.309521641043072,-4.385712984625844,970.2171724877838,122,,,,,,,,
188.0,2025-03-14 20:59:00,4.74,14.553257587316756,1.2,conservative,win,2.910651517463351,7.276628793658379,5.124957382084944,aggressive,loss,-7.276628793658379,-4.365977276195028,965.8511952115888,122,,,,,,,,
189.0,2025-03-14 20:59:42,14.2,14.487767928173833,1.2,conservative,win,2.897553585634766,7.243883964086916,5.124957382084944,aggressive,win,29.880712632627077,32.77826621826184,998.6294614298508,122,,,,,,,,
190.0,2025-03-14 21:00:04,2.85,14.97944192144776,1.2,conservative,win,2.9958883842895516,7.48972096072388,5.124957382084944,aggressive,loss,-7.48972096072388,-4.493832576434329,994.1356288534164,122,,,,,,,,
191.0,2025-03-14 21:00:17,1.15,14.912034432801246,1.2,conservative,loss,-14.912034432801246,7.456017216400623,5.124957382084944,aggressive,loss,-7.456017216400623,-22.368051649201867,971.7675772042146,122,,,,,,,,
192.0,2025-03-14 21:00:43,3.9,14.576513658063218,1.2,conservative,win,2.915302731612643,7.288256829031609,5.103715859440383,aggressive,loss,-7.288256829031609,-4.372954097418966,967.3946231067956,122,,,,,,,,
193.0,2025-03-14 21:00:56,10.73,11.608735477281549,1.2,conservative,win,2.3217470954563093,5.804367738640774,5.103715859440383,aggressive,win,23.819475943084257,26.141223038540566,993.5358461453362,122,,,,,,,,
194.0,2025-03-14 21:00:56,1.28,14.903037692180042,1.2,conservative,win,2.980607538436008,7.451518846090021,5.103715859440383,aggressive,loss,-7.451518846090021,-4.4709113076540135,989.0649348376822,122,,,,,,,,
195.0,2025-03-14 21:01:16,2.12,14.835974022565232,1.2,conservative,win,2.967194804513046,7.417987011282617,5.103715859440383,aggressive,loss,-7.417987011282617,-4.45079220676957,984.6141426309126,122,,,,,,,,
196.0,2025-03-14 21:01:38,2.39,14.769212139463688,1.2,conservative,win,2.953842427892737,7.384606069731844,5.103715859440383,aggressive,loss,-7.384606069731844,-4.430763641839107,980.1833789890736,122,,,,,,,,
197.0,2025-03-14 21:02:03,3.59,14.702750684836102,1.2,conservative,win,2.94055013696722,7.351375342418051,5.205173742246263,aggressive,loss,-7.351375342418051,-4.4108252054508315,975.7725537836228,122,,,,,,,,
198.0,2025-03-14 21:02:31,4.08,14.63658830675434,1.2,conservative,win,2.9273176613508674,7.31829415337717,5.205173742246263,aggressive,loss,-7.31829415337717,-4.390976492026303,971.3815772915964,122,,,,,,,,
199.0,2025-03-14 21:03:08,9.39,14.570723659373945,1.2,conservative,win,2.914144731874788,7.285361829686972,5.205173742246263,aggressive,win,30.636212268962847,33.550357000837636,1004.931934292434,122,,,,,,,,
200.0,2025-03-14 21:03:26,1.83,30.14795802877302,1.2,conservative,win,6.029591605754602,15.07397901438651,5.205173742246263,aggressive,loss,-15.07397901438651,-9.044387408631907,995.887546883802,122,,,,,,,,
201.0,2025-03-14 21:03:50,2.95,14.938313203257032,1.2,conservative,win,2.9876626406514055,7.469156601628516,5.205173742246263,aggressive,loss,-7.469156601628516,-4.48149396097711,991.406052922825,122,,,,,,,,
202.0,2025-03-14 21:04:08,1.5,14.871090793842374,1.2,conservative,win,2.974218158768474,7.435545396921187,3.302599694830727,aggressive,loss,-7.435545396921187,-4.4613272381527125,986.9447256846724,122,,,,,,,,
203.0,2025-03-14 21:04:24,1.34,14.804170885270084,1.2,conservative,win,2.960834177054016,7.402085442635042,3.302599694830727,aggressive,loss,-7.402085442635042,-4.441251265581026,982.5034744190912,122,,,,,,,,
204.0,2025-03-14 21:04:44,2.32,14.737552116286368,1.2,conservative,win,2.947510423257273,7.368776058143184,3.302599694830727,aggressive,loss,-7.368776058143184,-4.421265634885911,978.0822087842054,122,,,,,,,,
205.0,2025-03-14 21:05:27,15.06,14.67123313176308,1.2,conservative,win,2.9342466263526155,7.33561656588154,3.302599694830727,aggressive,win,16.89098846599406,19.825235092346674,997.907443876552,122,,,,,,,,
206.0,2025-03-14 21:05:54,4.27,14.96861165814828,1.2,conservative,win,2.9937223316296553,7.48430582907414,3.302599694830727,aggressive,win,17.233360318045946,20.2270826496756,1018.1345265262275,122,,,,,,,,
207.0,2025-03-14 21:06:19,3.34,36.65284295494419,1.2,conservative,win,7.330568590988837,18.326421477472095,3.7062508298854313,aggressive,loss,-18.326421477472095,-10.99585288648326,1007.1386736397444,122,,,,,,,,
208.0,2025-03-14 21:07:00,10.99,36.2569922510308,1.2,conservative,win,7.251398450206159,18.1284961255154,3.7062508298854313,aggressive,win,49.06025768425088,56.31165613445704,1063.4503297742017,122,,,,,,,,
209.0,2025-03-14 21:07:32,6.16,38.28421187187125,1.2,conservative,win,7.656842374374248,19.142105935935625,3.7062508298854313,aggressive,win,51.80334007488062,59.46018244925487,1122.9105122234564,122,,,,,,,,
210.0,2025-03-14 21:08:01,3.25,40.42477844004443,1.2,conservative,win,8.084955688008884,20.212389220022217,3.7062508298854313,aggressive,loss,-20.212389220022217,-12.12743353201333,1110.783078691443,122,,,,,,,,
211.0,2025-03-14 21:08:50,27.8,39.988190832891945,1.2,conservative,win,7.997638166578387,19.994095416445973,3.7062508298854313,aggressive,win,54.10903731356541,62.10667548014379,1172.889754171587,122,,,,,,,,
212.0,2025-03-14 21:09:47,46.87,42.224031150177126,1.2,conservative,win,8.444806230035423,21.112015575088563,5.070926427972278,aggressive,win,85.94546215239039,94.39026838242582,1267.2800225540127,122,,,,,,,,
213.0,2025-03-14 21:10:12,3.317,45.62208081194446,1.2,conservative,win,9.12441616238889,22.81104040597223,5.070926427972278,aggressive,loss,-22.81104040597223,-13.68662424358334,1253.5933983104292,122,,,,,,,,
214.0,2025-03-14 21:10:47,7.22,45.12936233917544,1.2,conservative,win,9.025872467835086,22.56468116958772,5.070926427972278,aggressive,win,91.85915691204308,100.88502937987816,1354.4784276903074,122,,,,,,,,
215.0,2025-03-14 21:11:16,4.96,48.76122339685106,1.2,conservative,win,9.75224467937021,24.38061169842553,5.070926427972278,aggressive,loss,-24.38061169842553,-14.62836701905532,1339.850060671252,122,,,,,,,,
216.0,2025-03-14 21:12:03,22.63,40.19550182013756,1.2,conservative,win,8.03910036402751,20.09775091006878,5.070926427972278,aggressive,win,81.8164653226029,89.8555656866304,1429.7056263578825,122,,,,,,,,
217.0,2025-03-14 21:12:27,2.86,50.0,1.2,conservative,win,9.999999999999998,25.73470127444188,7.620162650854519,aggressive,loss,-25.73470127444188,-15.734701274441884,1413.9709250834403,122,,,,,,,,
218.0,2025-03-14 21:12:48,1.84,42.419127752503215,1.2,conservative,win,8.483825550500642,21.209563876251607,7.620162650854519,aggressive,loss,-21.209563876251607,-12.725738325750966,1401.2451867576897,122,,,,,,,,
219.0,2025-03-14 21:13:03,1.04,42.037355602730685,1.2,conservative,loss,-42.037355602730685,21.018677801365342,7.620162650854519,aggressive,loss,-21.018677801365342,-63.05603340409603,1338.1891533535934,122,,,,,,,,
220.0,2025-03-14 21:13:43,2.57,32.11653968048624,1.2,conservative,win,6.423307936097247,16.05826984024312,7.620162650854519,aggressive,loss,-16.05826984024312,-9.634961904145872,1328.5541914494474,122,,,,,,,,
221.0,2025-03-14 21:13:58,1.32,31.885300594786735,1.2,conservative,win,6.377060118957346,15.942650297393367,7.620162650854519,aggressive,loss,-15.942650297393367,-9.565590178436022,1318.9886012710117,122,,,,,,,,
222.0,2025-03-14 21:14:19,2.1,39.56965803813034,1.2,conservative,win,7.913931607626067,19.78482901906517,7.639836778701772,aggressive,loss,-19.78482901906517,-11.870897411439104,1307.1177038595722,122,,,,,,,,
223.0,2025-03-14 21:14:53,6.89,39.21353111578716,1.2,conservative,win,7.842706223157431,19.60676555789358,7.639836778701772,aggressive,loss,-19.60676555789358,-11.76405933473615,1295.353644524836,122,,,,,,,,
224.0,2025-03-14 21:15:04,1.11,38.86060933574508,1.2,conservative,loss,-38.86060933574508,19.43030466787254,7.639836778701772,aggressive,loss,-19.43030466787254,-58.29091400361762,1237.0627305212183,122,,,,,,,,
225.0,2025-03-14 21:15:23,1.59,29.689505532509244,1.2,conservative,win,5.937901106501847,14.844752766254622,7.639836778701772,aggressive,loss,-14.844752766254622,-8.906851659752775,1228.1558788614657,122,,,,,,,,
226.0,2025-03-14 21:15:40,1.47,29.475741092675168,1.2,conservative,win,5.895148218535033,14.737870546337584,7.639836778701772,aggressive,loss,-14.737870546337584,-8.842722327802552,1219.313156533663,122,,,,,,,,
227.0,2025-03-14 21:16:07,1.45,36.57939469600989,1.2,conservative,win,7.315878939201977,18.289697348004943,7.629247766559047,aggressive,loss,-18.289697348004943,-10.97381840880297,1208.33933812486,122,,,,,,,,
228.0,2025-03-14 21:16:07,3.39,36.2501801437458,1.2,conservative,win,7.250036028749158,18.1250900718729,7.629247766559047,aggressive,loss,-18.1250900718729,-10.875054043123743,1197.4642840817364,122,,,,,,,,
229.0,2025-03-14 21:16:39,6.55,35.923928522452094,1.2,conservative,win,7.184785704490417,17.961964261226047,7.629247766559047,aggressive,loss,-17.961964261226047,-10.777178556735633,1186.6871055250008,122,,,,,,,,
230.0,2025-03-14 21:16:57,1.8,35.60061316575002,1.2,conservative,win,7.120122633150002,17.80030658287501,7.629247766559047,aggressive,loss,-17.80030658287501,-10.680183949725008,1176.0069215752758,122,,,,,,,,
231.0,2025-03-14 21:17:14,1.58,35.28020764725827,1.2,conservative,win,7.056041529451653,17.640103823629136,7.629247766559047,aggressive,loss,-17.640103823629136,-10.584062294177484,1165.4228592810985,122,,,,,,,,
232.0,2025-03-14 21:17:40,3.67,34.96268577843295,1.2,conservative,win,6.9925371556865885,17.481342889216474,7.675192375835491,aggressive,loss,-17.481342889216474,-10.488805733529889,1154.9340535475685,122,,,,,,,,
233.0,2025-03-14 21:17:57,1.69,34.64802160642705,1.2,conservative,win,6.929604321285408,17.324010803213525,7.675192375835491,aggressive,loss,-17.324010803213525,-10.394406481928115,1144.5396470656403,122,,,,,,,,
234.0,2025-03-14 21:18:18,1.9,34.33618941196921,1.2,conservative,win,6.86723788239384,17.168094705984604,7.675192375835491,aggressive,loss,-17.168094705984604,-10.300856823590763,1134.2387902420494,122,,,,,,,,
235.0,2025-03-14 21:18:31,1.03,34.02716370726148,1.2,conservative,loss,-34.02716370726148,17.01358185363074,7.675192375835491,aggressive,loss,-17.01358185363074,-51.04074556089222,1083.1980446811572,122,,,,,,,,
236.0,2025-03-14 21:18:43,1.17,25.996753072347772,1.2,conservative,loss,-25.996753072347772,12.998376536173886,7.675192375835491,aggressive,loss,-12.998376536173886,-38.99512960852166,1044.2029150726355,122,,,,,,,,
237.0,2025-03-14 21:19:27,14.09,25.06086996174325,1.2,conservative,win,5.012173992348649,0.0,0.0,none,none,0.0,5.012173992348649,1049.215089064984,122,,,,,,,,
238.0,2025-03-14 21:19:48,2.6,25.18116213755962,1.2,conservative,win,5.036232427511923,0.0,0.0,none,none,0.0,5.036232427511923,1054.251321492496,122,,,,,,,,
239.0,2025-03-14 21:20:04,1.07,31.62753964477488,1.2,conservative,loss,-31.62753964477488,15.81376982238744,7.609232273026061,aggressive,loss,-15.81376982238744,-47.44130946716232,1006.8100120253338,122,,,,,,,,
240.0,2025-03-14 21:20:22,1.74,30.204300360760012,1.2,conservative,win,6.040860072152001,0.0,0.0,none,none,0.0,6.040860072152001,1012.8508720974858,122,,,,,,,,
241.0,2025-03-14 21:20:54,5.51,30.38552616292457,1.2,conservative,win,6.077105232584913,0.0,0.0,none,none,0.0,6.077105232584913,1018.9279773300708,122,,,,,,,,
242.0,2025-03-14 21:21:05,1.03,30.56783931990212,1.2,conservative,loss,-30.56783931990212,15.28391965995106,7.609232273026061,aggressive,loss,-15.28391965995106,-45.85175897985318,973.0762183502176,122,,,,,,,,
243.0,2025-03-14 21:21:22,1.34,14.596143275253263,1.2,conservative,win,2.919228655050652,7.298071637626632,7.609232273026061,aggressive,loss,-7.298071637626632,-4.37884298257598,968.6973753676416,122,,,,,,,,
244.0,2025-03-14 21:21:35,1.06,14.530460630514623,1.2,conservative,loss,-14.530460630514623,7.265230315257312,7.42524307445012,aggressive,loss,-7.265230315257312,-21.795690945771938,946.9016844218696,122,,,,,,,,
245.0,2025-03-14 21:22:00,3.39,11.362820213062436,1.2,conservative,win,2.2725640426124865,0.0,0.0,none,none,0.0,2.2725640426124865,949.174248464482,122,,,,,,,,
246.0,2025-03-14 21:22:12,1.09,14.237613726967233,1.2,conservative,loss,-14.237613726967233,7.1188068634836155,7.42524307445012,aggressive,loss,-7.1188068634836155,-21.35642059045085,927.8178278740312,122,,,,,,,,
247.0,2025-03-14 21:22:28,1.49,11.133813934488376,1.2,conservative,win,2.2267627868976745,0.0,0.0,none,none,0.0,2.2267627868976745,930.0445906609287,122,,,,,,,,
248.0,2025-03-14 21:22:43,1.22,13.950668859913932,1.2,conservative,win,2.7901337719827857,0.0,0.0,none,none,0.0,2.7901337719827857,932.8347244329116,122,,,,,,,,
249.0,2025-03-14 21:22:59,1.61,13.992520866493674,1.2,conservative,win,2.7985041732987344,6.996260433246837,7.42524307445012,aggressive,loss,-6.996260433246837,-4.197756259948102,928.6369681729636,122,,,,,,,,
250.0,2025-03-14 21:23:18,2.08,13.929554522594454,1.2,conservative,win,2.7859109045188903,6.964777261297227,7.42524307445012,aggressive,loss,-6.964777261297227,-4.178866356778337,924.4581018161854,122,,,,,,,,
251.0,2025-03-14 21:23:33,1.6,13.86687152724278,1.2,conservative,win,2.7733743054485553,6.93343576362139,7.42524307445012,aggressive,loss,-6.93343576362139,-4.1600614581728355,920.2980403580124,122,,,,,,,,
252.0,2025-03-14 21:23:53,2.46,13.804470605370186,1.2,conservative,win,2.7608941210740365,6.902235302685093,7.42524307445012,aggressive,loss,-6.902235302685093,-4.141341181611057,916.1566991764014,122,,,,,,,,
253.0,2025-03-14 21:24:11,1.9,13.74235048764602,1.2,conservative,win,2.748470097529203,6.87117524382301,7.42524307445012,aggressive,loss,-6.87117524382301,-4.122705146293807,912.0339940301076,122,,,,,,,,
254.0,2025-03-14 21:24:29,1.82,13.680509910451612,1.2,conservative,win,2.736101982090322,6.840254955225807,7.42524307445012,aggressive,loss,-6.840254955225807,-4.104152973135484,907.929841056972,122,,,,,,,,
255.0,2025-03-14 21:24:45,1.67,13.618947615854582,1.2,conservative,win,2.723789523170916,6.809473807927291,7.42524307445012,aggressive,loss,-6.809473807927291,-4.0856842847563755,903.8441567722158,122,,,,,,,,
256.0,2025-03-14 21:24:55,1.02,13.557662351583236,1.2,conservative,loss,-13.557662351583236,6.778831175791618,7.42524307445012,aggressive,loss,-6.778831175791618,-20.336493527374856,883.507663244841,122,,,,,,,,
257.0,2025-03-14 21:25:29,7.55,10.602091958938091,1.2,conservative,win,2.120418391787618,5.301045979469046,7.42524307445012,aggressive,win,34.06050896692514,36.18092735871276,919.6885906035536,122,,,,,,,,
258.0,2025-03-14 21:26:18,4.57,13.795328859053306,1.2,conservative,win,2.759065771810661,6.897664429526653,7.42524307445012,aggressive,loss,-6.897664429526653,-4.138598657715992,915.5499919458376,122,,,,,,,,
259.0,2025-03-14 21:26:31,2.84,13.733249879187566,1.2,conservative,win,2.7466499758375127,6.866624939593783,7.42524307445012,aggressive,loss,-6.866624939593783,-4.11997496375627,911.4300169820816,122,,,,,,,,
260.0,2025-03-14 21:26:31,1.35,13.67145025473122,1.2,conservative,win,2.734290050946244,6.8357251273656106,7.42524307445012,aggressive,loss,-6.8357251273656106,-4.101435076419367,907.328581905662,122,,,,,,,,
261.0,2025-03-14 21:26:43,1.14,13.609928728584933,1.2,conservative,loss,-13.609928728584933,6.8049643642924655,7.42524307445012,aggressive,loss,-6.8049643642924655,-20.414893092877396,886.9136888127847,122,,,,,,,,
262.0,2025-03-14 21:27:07,3.31,10.642964265753417,1.2,conservative,win,2.128592853150683,5.321482132876708,7.42524307445012,aggressive,loss,-5.321482132876708,-3.1928892797260255,883.7207995330588,122,,,,,,,,
263.0,2025-03-14 21:27:25,1.9,10.604649594396705,1.2,conservative,win,2.1209299188793405,5.302324797198352,7.42524307445012,aggressive,loss,-5.302324797198352,-3.181394878319012,880.5394046547398,122,,,,,,,,
264.0,2025-03-14 21:27:46,2.62,13.208091069821096,1.2,conservative,win,2.6416182139642186,6.604045534910548,7.42524307445012,aggressive,loss,-6.604045534910548,-3.9624273209463294,876.5769773337934,122,,,,,,,,
265.0,2025-03-14 21:28:26,4.24,13.1486546600069,1.2,conservative,win,2.629730932001379,6.57432733000345,7.42524307445012,aggressive,loss,-6.57432733000345,-3.94459639800207,872.6323809357913,122,,,,,,,,
266.0,2025-03-14 21:28:36,1.02,13.089485714036869,1.2,conservative,loss,-13.089485714036869,6.544742857018434,7.42524307445012,aggressive,loss,-6.544742857018434,-19.634228571055303,852.9981523647359,122,,,,,,,,
267.0,2025-03-14 21:28:51,1.51,10.235977828376832,1.2,conservative,win,2.047195565675366,5.117988914188416,7.42524307445012,aggressive,loss,-5.117988914188416,-3.07079334851305,849.9273590162228,122,,,,,,,,
268.0,2025-03-14 21:29:09,1.91,10.199128308194672,1.2,conservative,win,2.0398256616389343,5.099564154097337,7.42524307445012,aggressive,loss,-5.099564154097337,-3.0597384924584023,846.8676205237643,122,,,,,,,,
269.0,2025-03-14 21:29:28,1.63,12.703014307856463,1.2,conservative,win,2.5406028615712923,6.351507153928233,7.42524307445012,aggressive,loss,-6.351507153928233,-3.81090429235694,843.0567162314074,122,,,,,,,,
270.0,2025-03-14 21:29:42,1.39,12.645850743471112,1.2,conservative,win,2.529170148694222,6.322925371735556,7.42524307445012,aggressive,loss,-6.322925371735556,-3.793755223041334,839.2629610083661,122,,,,,,,,
271.0,2025-03-14 21:30:17,8.61,12.588944415125493,1.2,conservative,win,2.517788883025098,6.2944722075627455,7.42524307445012,aggressive,win,40.44351395896129,42.96130284198639,882.2242638503525,122,,,,,,,,
272.0,2025-03-14 21:31:06,22.06,13.233363957755287,1.2,conservative,win,2.646672791551057,6.616681978877644,7.42524307445012,aggressive,win,42.5137900606225,45.16046285217355,927.384726702526,122,,,,,,,,
273.0,2025-03-14 21:31:26,2.32,16.692925080645466,1.2,conservative,win,3.3385850161290924,8.346462540322733,7.42524307445012,aggressive,loss,-8.346462540322733,-5.00787752419364,922.3768491783323,122,,,,,,,,
274.0,2025-03-14 21:31:53,3.99,16.60278328520998,1.2,conservative,win,3.3205566570419953,8.30139164260499,7.42524307445012,aggressive,loss,-8.30139164260499,-4.9808349855629945,917.3960141927691,122,,,,,,,,
275.0,2025-03-14 21:32:20,4.25,13.76094021289154,1.2,conservative,win,2.752188042578307,6.880470106445769,7.42524307445012,aggressive,loss,-6.880470106445769,-4.128282063867463,913.2677321289018,122,,,,,,,,
276.0,2025-03-14 21:32:47,3.76,13.699015981933526,1.2,conservative,win,2.7398031963867044,6.849507990966763,7.42524307445012,aggressive,loss,-6.849507990966763,-4.109704794580058,909.1580273343216,122,,,,,,,,
277.0,2025-03-14 21:33:03,1.47,13.637370410014825,1.2,conservative,win,2.7274740820029644,6.818685205007412,7.42524307445012,aggressive,loss,-6.818685205007412,-4.091211123004448,905.0668162113172,122,,,,,,,,
278.0,2025-03-14 21:33:31,17.23,13.576002243169755,1.2,conservative,win,2.7152004486339507,6.788001121584879,7.42524307445012,aggressive,win,43.61455719582289,46.32975764445684,951.396573855774,122,,,,,,,,
279.0,2025-03-14 21:33:31,4.27,14.270948607836608,1.2,conservative,win,2.854189721567321,7.135474303918304,7.42524307445012,aggressive,loss,-7.135474303918304,-4.281284582350983,947.115289273423,122,,,,,,,,
280.0,2025-03-14 21:33:44,1.3,14.206729339101344,1.2,conservative,win,2.841345867820268,7.103364669550672,7.42524307445012,aggressive,loss,-7.103364669550672,-4.262018801730404,942.8532704716924,122,,,,,,,,
281.0,2025-03-14 21:34:49,94.29,14.142799057075386,1.2,conservative,win,2.8285598114150767,7.071399528537693,7.42524307445012,aggressive,win,45.43546084740665,48.26402065882173,991.117291130514,122,,,,,,,,
282.0,2025-03-14 21:35:15,3.69,14.86675936695771,1.2,conservative,win,2.9733518733915414,7.433379683478855,7.42524307445012,aggressive,loss,-7.433379683478855,-4.460027810087314,986.6572633204268,122,,,,,,,,
283.0,2025-03-14 21:35:34,1.72,14.7998589498064,1.2,conservative,win,2.9599717899612794,7.3999294749032,7.42524307445012,aggressive,loss,-7.3999294749032,-4.439957684941922,982.2173056354848,122,,,,,,,,
284.0,2025-03-14 21:35:34,2.03,14.733259584532272,1.2,conservative,win,2.9466519169064536,7.366629792266136,7.42524307445012,aggressive,loss,-7.366629792266136,-4.419977875359683,977.7973277601252,122,,,,,,,,
285.0,2025-03-14 21:35:48,1.24,14.666959916401876,1.2,conservative,win,2.9333919832803748,7.333479958200939,7.42524307445012,aggressive,loss,-7.333479958200939,-4.400087974920564,973.3972397852046,122,,,,,,,,
286.0,2025-03-14 21:36:07,2.14,14.600958596778067,1.2,conservative,win,2.9201917193556133,7.300479298389035,7.42524307445012,aggressive,loss,-7.300479298389035,-4.380287579033421,969.0169522061713,122,,,,,,,,
287.0,2025-03-14 21:36:42,8.17,14.535254283092566,1.2,conservative,win,2.9070508566185125,7.267627141546283,7.42524307445012,aggressive,win,46.69627095890598,49.60332181552449,1018.6202740216956,122,,,,,,,,
288.0,2025-03-14 21:37:02,2.26,30.558608220650868,1.2,conservative,win,6.1117216441301725,15.279304110325434,7.42524307445012,aggressive,loss,-15.279304110325434,-9.16758246619526,1009.4526915555005,122,,,,,,,,
289.0,2025-03-14 21:37:18,1.6,30.283580746665013,1.2,conservative,win,6.056716149333001,15.141790373332508,7.42524307445012,aggressive,loss,-15.141790373332508,-9.085074223999506,1000.367617331501,122,,,,,,,,
290.0,2025-03-14 21:37:44,3.63,30.01102851994503,1.2,conservative,win,6.002205703989004,15.005514259972514,7.42524307445012,aggressive,loss,-15.005514259972514,-9.00330855598351,991.3643087755177,122,,,,,,,,
291.0,2025-03-14 21:38:04,2.2,14.870464631632762,1.2,conservative,win,2.9740929263265516,7.435232315816381,7.42524307445012,aggressive,loss,-7.435232315816381,-4.46113938948983,986.9031693860276,122,,,,,,,,
292.0,2025-03-14 21:38:23,2.15,14.803547540790415,1.2,conservative,win,2.9607095081580823,7.401773770395208,7.42524307445012,aggressive,loss,-7.401773770395208,-4.441064262237125,982.4621051237906,122,,,,,,,,
293.0,2025-03-14 21:39:08,3.5,14.736931576856858,1.2,conservative,win,2.947386315371371,7.368465788428429,7.42524307445012,aggressive,loss,-7.368465788428429,-4.421079473057057,978.0410256507334,122,,,,,,,,
294.0,2025-03-14 21:39:08,18.51,14.670615384761,1.2,conservative,win,2.9341230769522,7.335307692380501,7.42524307445012,aggressive,win,47.1311349494285,50.0652580263807,1028.106283677114,122,,,,,,,,
295.0,2025-03-14 21:39:29,1.88,30.84318851031342,1.2,conservative,win,6.168637702062683,15.42159425515671,7.42524307445012,aggressive,loss,-15.42159425515671,-9.252956553094029,1018.85332712402,122,,,,,,,,
296.0,2025-03-14 21:39:43,1.02,30.5655998137206,1.2,conservative,loss,-30.5655998137206,15.2827999068603,7.42524307445012,aggressive,loss,-15.2827999068603,-45.8483997205809,973.0049274034392,122,,,,,,,,
297.0,2025-03-14 21:40:39,30.91,14.595073911051584,1.2,conservative,win,2.9190147822103163,7.297536955525793,7.42524307445012,aggressive,win,46.88844878403592,49.807463566246234,1022.8123909696852,122,,,,,,,,
298.0,2025-03-14 21:41:01,2.51,30.684371729090557,1.2,conservative,win,6.13687434581811,15.34218586454528,7.42524307445012,aggressive,loss,-15.34218586454528,-9.205311518727168,1013.6070794509582,122,,,,,,,,
299.0,2025-03-14 21:41:15,1.06,30.408212383528745,1.2,conservative,loss,-30.408212383528745,15.204106191764373,7.42524307445012,aggressive,loss,-15.204106191764373,-45.61231857529312,967.9947608756652,122,,,,,,,,
300.0,2025-03-14 21:41:35,1.84,14.519921413134975,1.2,conservative,win,2.9039842826269946,7.259960706567488,7.42524307445012,aggressive,loss,-7.259960706567488,-4.3559764239404934,963.6387844517244,122,,,,,,,,
301.0,2025-03-14 21:42:23,17.07,11.563665413420694,1.2,conservative,win,2.3127330826841384,5.781832706710347,7.42524307445012,aggressive,win,37.149680556419845,39.462413639103985,1003.1011980908286,122,,,,,,,,
302.0,2025-03-14 21:42:52,3.26,30.093035942724857,1.2,conservative,win,6.01860718854497,15.046517971362428,7.42524307445012,aggressive,loss,-15.046517971362428,-9.027910782817456,994.0732873080112,122,,,,,,,,
303.0,2025-03-14 21:43:49,38.57,14.911099309620166,1.2,conservative,win,2.9822198619240328,7.455549654810083,7.42524307445012,aggressive,win,47.90371878578747,50.8859386477115,1044.9592259557226,122,,,,,,,,
,,,,,,,,,,,,,,,122,1000.0,1044.9592259557226,347.0,0.5360230547550432,2025-03-14 20:36:14.431362,2025-03-14 21:43:49.695483,67.58773535,default
305.0,2025-03-14 21:45:28,1.04,15.0,1.04,conservative,loss,-15.0,0.0,0.0,none,none,0.0,-15.0,985.0,305,,,,,,,,
306.0,2025-03-14 21:45:56,4.08,7.387499999999999,1.3,conservative,win,2.21625,0.0,0.0,none,none,0.0,2.21625,987.21625,305,,,,,,,,
307.0,2025-03-14 21:46:12,1.44,7.404121875,1.4,conservative,win,2.9616487500000006,0.0,0.0,none,none,0.0,2.9616487500000006,990.17789875,305,,,,,,,,
308.0,2025-03-14 21:46:36,2.57,7.426334240625,1.5000000000000002,conservative,win,3.7131671203125016,0.0,0.0,none,none,0.0,3.7131671203125016,993.8910658703124,305,,,,,,,,
309.0,2025-03-14 21:46:49,1.08,7.454182994027343,1.6000000000000003,conservative,loss,-7.454182994027343,0.0,0.0,none,none,0.0,-7.454182994027343,986.4368828762852,305,,,,,,,,
310.0,2025-03-14 21:47:08,1.91,7.398276621572139,1.3,conservative,win,2.219482986471642,0.0,0.0,none,none,0.0,2.219482986471642,988.6563658627568,305,,,,,,,,
311.0,2025-03-14 21:48:01,24.98,8.897907292764812,1.4,conservative,win,3.5591629171059256,0.0,0.0,none,none,0.0,3.5591629171059256,992.2155287798628,305,,,,,,,,
312.0,2025-03-14 21:48:25,3.1,8.929939759018765,1.5000000000000002,conservative,win,4.464969879509384,0.0,0.0,none,none,0.0,4.464969879509384,996.680498659372,305,,,,,,,,
313.0,2025-03-14 21:48:44,1.84,8.97012448793435,1.6000000000000003,conservative,win,5.382074692760613,0.0,0.0,none,none,0.0,5.382074692760613,1002.0625733521327,305,,,,,,,,
314.0,2025-03-14 21:49:09,2.8,18.037126320338388,1.7000000000000004,conservative,win,12.625988424236878,0.0,0.0,none,none,0.0,12.625988424236878,1014.6885617763696,305,,,,,,,,
315.0,2025-03-14 21:49:21,1.14,18.264394111974653,1.04,conservative,win,0.7305757644789868,0.0,0.0,none,none,0.0,0.7305757644789868,1015.4191375408486,305,,,,,,,,
316.0,2025-03-14 21:49:35,1.17,18.277544475735276,1.14,conservative,win,2.558856226602941,0.0,0.0,none,none,0.0,2.558856226602941,1017.9779937674516,305,,,,,,,,
317.0,2025-03-14 21:50:07,5.14,18.323603887814127,1.2400000000000002,conservative,win,4.3976649330753945,0.0,0.0,none,none,0.0,4.3976649330753945,1022.375658700527,305,,,,,,,,
318.0,2025-03-14 21:50:20,1.3,18.402761856609484,1.3400000000000003,conservative,loss,-18.402761856609484,0.0,0.0,none,none,0.0,-18.402761856609484,1003.9728968439176,305,,,,,,,,
,,,,,,,,,,,,,,,305,1000.0,1003.9728968439176,14.0,0.7857142857142857,2025-03-14 21:45:28.708618,2025-03-14 21:50:20.420769,4.861869183333334,default
320.0,2025-03-14 21:57:55,12.35,21.000000000000004,1.5,conservative,win,10.500000000000002,0.0,0.0,none,none,0.0,10.500000000000002,1010.5,320,,,,,,,,
321.0,2025-03-14 21:57:55,1.1,31.123400000000007,1.7,conservative,loss,-31.123400000000007,0.0,0.0,none,none,0.0,-31.123400000000007,979.3766,320,,,,,,,,
322.0,2025-03-14 21:58:14,177.72,18.852999550000003,1.5,conservative,win,9.426499775000002,0.0,0.0,none,none,0.0,9.426499775000002,988.803099775,320,,,,,,,,
323.0,2025-03-14 21:58:14,1.97,24.11031558284709,1.7,conservative,win,16.87722090799296,0.0,0.0,none,none,0.0,16.87722090799296,1005.6803206829928,320,,,,,,,,
324.0,2025-03-14 21:58:30,1.1,28.511037091362855,1.9,conservative,loss,-28.511037091362855,0.0,0.0,none,none,0.0,-28.511037091362855,977.16928359163,320,,,,,,,,
325.0,2025-03-14 21:58:58,2.57,8.794523552324671,1.2000000000000002,conservative,win,1.7589047104649358,0.0,0.0,none,none,0.0,1.7589047104649358,978.928188302095,320,,,,,,,,
326.0,2025-03-14 21:58:58,1.05,10.229799567756894,1.4,conservative,loss,-10.229799567756894,0.0,0.0,none,none,0.0,-10.229799567756894,968.698388734338,320,,,,,,,,
327.0,2025-03-14 21:58:58,3.85,8.510707272451683,1.5,conservative,win,4.255353636225841,0.0,0.0,none,none,0.0,4.255353636225841,972.953742370564,320,,,,,,,,
328.0,2025-03-14 21:59:09,1.0,9.832913758832513,1.7,conservative,loss,-9.832913758832513,0.0,0.0,none,none,0.0,-9.832913758832513,963.1208286117314,320,,,,,,,,
329.0,2025-03-14 21:59:26,1.39,8.347047181301672,1.5,conservative,loss,-8.347047181301672,0.0,0.0,none,none,0.0,-8.347047181301672,954.7737814304296,320,,,,,,,,
330.0,2025-03-14 21:59:51,3.19,7.876883696801045,1.2000000000000002,conservative,win,1.5753767393602105,0.0,0.0,none,none,0.0,1.5753767393602105,956.34915816979,320,,,,,,,,
331.0,2025-03-14 22:00:17,1.1,8.678868610390845,1.4,conservative,loss,-8.678868610390845,0.0,0.0,none,none,0.0,-8.678868610390845,947.6702895593992,320,,,,,,,,
332.0,2025-03-14 22:00:43,2.51,7.818279888865042,1.5,conservative,win,3.909139944432521,0.0,0.0,none,none,0.0,3.909139944432521,951.5794295038316,320,,,,,,,,
333.0,2025-03-14 22:01:09,3.67,8.635583322747271,1.7,conservative,win,6.04490832592309,0.0,0.0,none,none,0.0,6.04490832592309,957.6243378297546,320,,,,,,,,
334.0,2025-03-14 22:01:50,1.74,9.480480944514571,1.9,conservative,loss,-9.480480944514571,0.0,0.0,none,none,0.0,-9.480480944514571,948.14385688524,320,,,,,,,,
335.0,2025-03-14 22:02:04,1.37,7.82218681930323,1.2000000000000002,conservative,win,1.5644373638606477,0.0,0.0,none,none,0.0,1.5644373638606477,949.7082942491006,320,,,,,,,,
336.0,2025-03-14 22:02:22,1.87,8.61860277031059,1.4,conservative,win,3.447441108124237,0.0,0.0,none,none,0.0,3.447441108124237,953.1557353572248,320,,,,,,,,
337.0,2025-03-14 22:02:41,1.7,13.382306524415435,1.6,conservative,win,8.029383914649262,0.0,0.0,none,none,0.0,8.029383914649262,961.1851192718742,320,,,,,,,,
338.0,2025-03-14 22:02:41,1.86,16.08158823053773,1.8,conservative,win,12.865270584430183,0.0,0.0,none,none,0.0,12.865270584430183,974.0503898563044,320,,,,,,,,
339.0,2025-03-14 22:03:41,53.12,19.012976584800132,2.0,conservative,win,19.012976584800132,0.0,0.0,none,none,0.0,19.012976584800132,993.0633664411046,320,,,,,,,,
340.0,2025-03-14 22:04:26,15.09,22.366269670669777,1.2000000000000002,conservative,win,4.473253934133959,0.0,0.0,none,none,0.0,4.473253934133959,997.5366203752384,320,,,,,,,,
341.0,2025-03-14 22:04:40,1.37,23.96481976789473,1.4,conservative,loss,-23.96481976789473,0.0,0.0,none,none,0.0,-23.96481976789473,973.5718006073438,320,,,,,,,,
342.0,2025-03-14 22:04:56,1.26,13.28925507829024,1.5,conservative,loss,-13.28925507829024,0.0,0.0,none,none,0.0,-13.28925507829024,960.2825455290536,320,,,,,,,,
343.0,2025-03-14 22:05:15,1.63,9.36275481890827,1.5,conservative,win,4.681377409454135,0.0,0.0,none,none,0.0,4.681377409454135,964.9639229385076,320,,,,,,,,
344.0,2025-03-14 22:05:15,1.71,10.349238073515494,1.7,conservative,win,7.244466651460845,0.0,0.0,none,none,0.0,7.244466651460845,972.2083895899684,320,,,,,,,,
345.0,2025-03-14 22:05:26,1.06,12.2498257088336,1.2000000000000002,conservative,loss,-12.2498257088336,0.0,0.0,none,none,0.0,-12.2498257088336,959.958563881135,320,,,,,,,,
346.0,2025-03-14 22:06:04,10.39,9.359595997841064,1.5,conservative,win,4.679797998920533,0.0,0.0,none,none,0.0,4.679797998920533,964.6383618800556,320,,,,,,,,
347.0,2025-03-14 22:06:37,1.64,10.345746431163594,1.7,conservative,loss,-10.345746431163594,0.0,0.0,none,none,0.0,-10.345746431163594,954.292615448892,320,,,,,,,,
348.0,2025-03-14 22:06:37,2.13,8.588633539040027,1.5,conservative,win,4.294316769520013,0.0,0.0,none,none,0.0,4.294316769520013,958.586932218412,320,,,,,,,,
349.0,2025-03-14 22:06:47,1.0,9.49001062896228,1.7,conservative,loss,-9.49001062896228,0.0,0.0,none,none,0.0,-9.49001062896228,949.0969215894496,320,,,,,,,,
350.0,2025-03-14 22:07:31,12.14,7.83004960311296,1.2000000000000002,conservative,win,1.5660099206225937,0.0,0.0,none,none,0.0,1.5660099206225937,950.6629315100724,320,,,,,,,,
351.0,2025-03-14 22:07:49,1.91,8.627266103453907,1.4,conservative,win,3.450906441381564,0.0,0.0,none,none,0.0,3.450906441381564,954.113837951454,320,,,,,,,,
352.0,2025-03-14 22:08:17,1.08,10.304429449875702,1.6,conservative,loss,-10.304429449875702,0.0,0.0,none,none,0.0,-10.304429449875702,943.8094085015782,320,,,,,,,,
353.0,2025-03-14 22:08:34,1.78,8.494284676514203,1.5,conservative,win,4.247142338257102,0.0,0.0,none,none,0.0,4.247142338257102,948.0565508398352,320,,,,,,,,
354.0,2025-03-14 22:08:47,1.29,9.385759853314369,1.7,conservative,loss,-9.385759853314369,0.0,0.0,none,none,0.0,-9.385759853314369,938.6707909865208,320,,,,,,,,
355.0,2025-03-14 22:09:00,1.0,7.744034025638797,1.2000000000000002,conservative,loss,-7.744034025638797,0.0,0.0,none,none,0.0,-7.744034025638797,930.926756960882,320,,,,,,,,
356.0,2025-03-14 22:09:26,4.21,7.680145744927278,1.5,conservative,win,3.840072872463639,0.0,0.0,none,none,0.0,3.840072872463639,934.7668298333456,320,,,,,,,,
357.0,2025-03-14 22:09:58,5.97,8.483008980737614,1.7,conservative,win,5.938106286516329,0.0,0.0,none,none,0.0,5.938106286516329,940.704936119862,320,,,,,,,,
358.0,2025-03-14 22:10:28,5.18,10.159613310094509,1.9,conservative,win,9.143651979085057,0.0,0.0,none,none,0.0,9.143651979085057,949.8485880989472,320,,,,,,,,
359.0,2025-03-14 22:10:42,1.22,12.22455132883345,2.1,conservative,loss,-12.22455132883345,0.0,0.0,none,none,0.0,-12.22455132883345,937.6240367701135,320,,,,,,,,
360.0,2025-03-14 22:10:58,1.64,8.438616330931023,1.2000000000000002,conservative,win,1.687723266186206,0.0,0.0,none,none,0.0,1.687723266186206,939.3117600363,320,,,,,,,,
361.0,2025-03-14 22:11:18,1.12,12.08894235166718,1.4,conservative,loss,-12.08894235166718,0.0,0.0,none,none,0.0,-12.08894235166718,927.2228176846328,320,,,,,,,,
362.0,2025-03-14 22:11:18,2.07,7.649588245898221,1.5,conservative,win,3.8247941229491103,0.0,0.0,none,none,0.0,3.8247941229491103,931.047611807582,320,,,,,,,,
363.0,2025-03-14 22:11:32,1.39,9.21737135689506,1.7,conservative,loss,-9.21737135689506,0.0,0.0,none,none,0.0,-9.21737135689506,921.8302404506868,320,,,,,,,,
364.0,2025-03-14 22:12:12,7.81,7.605099483718167,1.5,conservative,win,3.802549741859083,0.0,0.0,none,none,0.0,3.802549741859083,925.632790192546,320,,,,,,,,
365.0,2025-03-14 22:12:25,2.91,9.163764622906204,1.2000000000000002,conservative,win,1.8327529245812424,0.0,0.0,none,none,0.0,1.8327529245812424,927.4655431171273,320,,,,,,,,
366.0,2025-03-14 22:12:25,1.66,10.851346854470384,1.4,conservative,win,4.340538741788156,0.0,0.0,none,none,0.0,4.340538741788156,931.8060818589151,320,,,,,,,,
367.0,2025-03-14 22:12:46,2.24,16.889218185213302,1.6,conservative,win,10.133530911127982,0.0,0.0,none,none,0.0,10.133530911127982,941.9396127700433,320,,,,,,,,
368.0,2025-03-14 22:13:02,1.68,18.386190271464855,1.8,conservative,loss,-18.386190271464855,0.0,0.0,none,none,0.0,-18.386190271464855,923.5534224985784,320,,,,,,,,
369.0,2025-03-14 22:13:38,6.17,10.805575043233366,1.5,conservative,win,5.402787521616683,0.0,0.0,none,none,0.0,5.402787521616683,928.956210020195,320,,,,,,,,
370.0,2025-03-14 22:14:20,5.29,12.95197195820657,1.2000000000000002,conservative,win,2.590394391641317,0.0,0.0,none,none,0.0,2.590394391641317,931.5466044118364,320,,,,,,,,
371.0,2025-03-14 22:14:44,3.1,14.168823853104028,1.4,conservative,win,5.667529541241613,0.0,0.0,none,none,0.0,5.667529541241613,937.214133953078,320,,,,,,,,
372.0,2025-03-14 22:15:08,2.88,18.293951287697105,1.6,conservative,win,10.976370772618266,0.0,0.0,none,none,0.0,10.976370772618266,948.1905047256962,320,,,,,,,,
373.0,2025-03-14 22:15:30,2.22,19.931912599838856,1.8,conservative,win,15.945530079871086,0.0,0.0,none,none,0.0,15.945530079871086,964.1360348055672,320,,,,,,,,
374.0,2025-03-14 22:15:55,1.03,23.265807689901848,2.0,conservative,loss,-23.265807689901848,0.0,0.0,none,none,0.0,-23.265807689901848,940.8702271156654,320,,,,,,,,
375.0,2025-03-14 22:16:11,1.64,12.842878600128833,1.2000000000000002,conservative,win,2.568575720025769,0.0,0.0,none,none,0.0,2.568575720025769,943.4388028356911,320,,,,,,,,
376.0,2025-03-14 22:16:30,2.16,14.165733624577904,1.4,conservative,win,5.666293449831163,0.0,0.0,none,none,0.0,5.666293449831163,949.1050962855224,320,,,,,,,,
377.0,2025-03-14 22:16:55,1.16,15.546341477156858,1.6,conservative,loss,-15.546341477156858,0.0,0.0,none,none,0.0,-15.546341477156858,933.5587548083656,320,,,,,,,,
378.0,2025-03-14 22:16:55,3.08,9.102197859381562,1.5,conservative,win,4.551098929690781,0.0,0.0,none,none,0.0,4.551098929690781,938.1098537380564,320,,,,,,,,
379.0,2025-03-14 22:17:08,1.3,10.835168810674553,1.7,conservative,loss,-10.835168810674553,0.0,0.0,none,none,0.0,-10.835168810674553,927.2746849273818,320,,,,,,,,
380.0,2025-03-14 22:17:46,1.01,9.040928178041971,1.2000000000000002,conservative,loss,-9.040928178041971,0.0,0.0,none,none,0.0,-9.040928178041971,918.2337567493398,320,,,,,,,,
381.0,2025-03-14 22:18:10,2.48,8.264103810744057,1.5,conservative,win,4.132051905372029,0.0,0.0,none,none,0.0,4.132051905372029,922.3658086547118,320,,,,,,,,
382.0,2025-03-14 22:18:25,1.25,9.131421505681647,1.7,conservative,loss,-9.131421505681647,0.0,0.0,none,none,0.0,-9.131421505681647,913.2343871490302,320,,,,,,,,
383.0,2025-03-14 22:18:37,1.17,7.534183693979499,1.5,conservative,loss,-7.534183693979499,0.0,0.0,none,none,0.0,-7.534183693979499,905.7002034550508,320,,,,,,,,
384.0,2025-03-14 22:19:30,1.0,4.7549260681390155,1.5,conservative,loss,-4.7549260681390155,0.0,0.0,none,none,0.0,-4.7549260681390155,900.9452773869116,320,,,,,,,,
385.0,2025-03-14 22:19:45,1.47,4.7299627062812855,1.2000000000000002,conservative,win,0.945992541256258,0.0,0.0,none,none,0.0,0.945992541256258,901.891269928168,320,,,,,,,,
386.0,2025-03-14 22:20:07,1.05,7.440602976907386,1.4,conservative,loss,-7.440602976907386,0.0,0.0,none,none,0.0,-7.440602976907386,894.4506669512606,320,,,,,,,,
387.0,2025-03-14 22:20:33,1.7,4.226279401344706,1.5,conservative,win,2.113139700672353,0.0,0.0,none,none,0.0,2.113139700672353,896.563806651933,320,,,,,,,,
388.0,2025-03-14 22:20:33,3.89,7.396651404878448,1.7,conservative,win,5.177655983414913,0.0,0.0,none,none,0.0,5.177655983414913,901.7414626353478,320,,,,,,,,
389.0,2025-03-14 22:20:48,1.43,8.11567316371813,1.9,conservative,loss,-8.11567316371813,0.0,0.0,none,none,0.0,-8.11567316371813,893.6257894716297,320,,,,,,,,
390.0,2025-03-14 22:21:13,3.14,6.702193421037222,1.2000000000000002,conservative,win,1.3404386842074456,0.0,0.0,none,none,0.0,1.3404386842074456,894.9662281558371,320,,,,,,,,
391.0,2025-03-14 22:21:23,1.21,8.121818520514223,1.4,conservative,loss,-8.121818520514223,0.0,0.0,none,none,0.0,-8.121818520514223,886.8444096353229,320,,,,,,,,
392.0,2025-03-14 22:21:47,3.06,6.651333072264921,1.5,conservative,win,3.3256665361324607,0.0,0.0,none,none,0.0,3.3256665361324607,890.1700761714553,320,,,,,,,,
393.0,2025-03-14 22:22:46,50.48,8.078293441255958,1.7,conservative,win,5.65480540887917,0.0,0.0,none,none,0.0,5.65480540887917,895.8248815803345,320,,,,,,,,
394.0,2025-03-14 22:23:30,15.46,9.674908721067611,1.9,conservative,win,8.70741784896085,0.0,0.0,none,none,0.0,8.70741784896085,904.5322994292952,320,,,,,,,,
395.0,2025-03-14 22:24:10,11.79,16.394874060230833,1.2000000000000002,conservative,win,3.2789748120461697,0.0,0.0,none,none,0.0,3.2789748120461697,907.8112742413416,320,,,,,,,,
396.0,2025-03-14 22:24:23,1.26,17.720022167553864,1.4,conservative,loss,-17.720022167553864,0.0,0.0,none,none,0.0,-17.720022167553864,890.0912520737876,320,,,,,,,,
,,,,,,,,,,,,,,,320,1000.0,890.0912520737876,77.0,0.6103896103896104,2025-03-14 21:57:55.070217,2025-03-14 22:24:23.078365,26.466802466666664,default
398.0,2025-03-14 22:27:00,2.07,0.0,1.5,conservative,win,0.0,0.0,0.0,none,none,0.0,0.0,1000.0,398,,,,,,,,
399.0,2025-03-14 22:27:28,3.0,0.0,1.785,conservative,win,0.0,0.0,0.0,none,none,0.0,0.0,1000.0,398,,,,,,,,
400.0,2025-03-14 22:27:48,1.66,0.0,2.09,conservative,loss,-0.0,0.0,0.0,none,none,0.0,0.0,1000.0,398,,,,,,,,
401.0,2025-03-14 22:28:17,3.38,0.0,1.5,conservative,win,0.0,0.0,0.0,none,none,0.0,0.0,1000.0,398,,,,,,,,
402.0,2025-03-14 22:28:48,4.03,0.0,1.785,conservative,win,0.0,0.0,0.0,none,none,0.0,0.0,1000.0,398,,,,,,,,
403.0,2025-03-14 22:29:14,2.99,42.0,2.09,conservative,win,45.779999999999994,0.0,0.0,none,none,0.0,45.779999999999994,1045.78,398,,,,,,,,
404.0,2025-03-14 22:29:42,3.2,47.58299,2.415,conservative,win,67.32993085000001,0.0,0.0,none,none,0.0,67.32993085000001,1113.10993085,398,,,,,,,,
405.0,2025-03-14 22:30:15,4.76,50.0,2.76,conservative,win,88.00000000000001,0.0,0.0,none,none,0.0,88.00000000000001,1201.10993085,398,,,,,,,,
406.0,2025-03-14 22:30:36,1.64,50.0,3.0,conservative,loss,-50.0,0.0,0.0,none,none,0.0,-50.0,1151.10993085,398,,,,,,,,
407.0,2025-03-14 22:30:55,1.29,0.0,1.5,conservative,loss,-0.0,0.0,0.0,none,none,0.0,0.0,1151.10993085,398,,,,,,,,
408.0,2025-03-14 22:30:55,1.63,0.0,1.5,conservative,win,0.0,0.0,0.0,none,none,0.0,0.0,1151.10993085,398,,,,,,,,
409.0,2025-03-14 22:31:14,1.16,0.0,1.785,conservative,loss,-0.0,0.0,0.0,none,none,0.0,0.0,1151.10993085,398,,,,,,,,
410.0,2025-03-14 22:31:14,2.03,0.0,1.5,conservative,win,0.0,0.0,0.0,none,none,0.0,0.0,1151.10993085,398,,,,,,,,
411.0,2025-03-14 22:31:28,1.15,50.0,1.785,conservative,loss,-50.0,0.0,0.0,none,none,0.0,-50.0,1101.10993085,398,,,,,,,,
412.0,2025-03-14 22:32:01,5.58,46.2466170957,1.5,conservative,win,23.12330854785,0.0,0.0,none,none,0.0,23.12330854785,1124.23323939785,398,,,,,,,,
413.0,2025-03-14 22:32:26,2.36,0.0,1.785,conservative,win,0.0,0.0,0.0,none,none,0.0,0.0,1124.23323939785,398,,,,,,,,
414.0,2025-03-14 22:32:46,1.68,1.9986368700406103,2.09,conservative,loss,-1.9986368700406103,0.0,0.0,none,none,0.0,-1.9986368700406103,1122.234602527809,398,,,,,,,,
415.0,2025-03-14 22:33:08,1.32,0.0,1.5,conservative,loss,-0.0,0.0,0.0,none,none,0.0,0.0,1122.234602527809,398,,,,,,,,
416.0,2025-03-14 22:33:20,1.12,0.0,1.5,conservative,loss,-0.0,0.0,0.0,none,none,0.0,0.0,1122.234602527809,398,,,,,,,,
417.0,2025-03-14 22:33:33,1.12,0.0,1.5,conservative,loss,-0.0,0.0,0.0,none,none,0.0,0.0,1122.234602527809,398,,,,,,,,
418.0,2025-03-14 22:33:48,1.15,0.0,1.5,conservative,loss,-0.0,0.0,0.0,none,none,0.0,0.0,1122.234602527809,398,,,,,,,,
419.0,2025-03-14 22:34:03,1.35,0.0,1.5,conservative,loss,-0.0,0.0,0.0,none,none,0.0,0.0,1122.234602527809,398,,,,,,,,
420.0,2025-03-14 22:34:21,1.61,31.422568870778665,1.5,conservative,win,15.711284435389333,0.0,0.0,none,none,0.0,15.711284435389333,1137.9458869631987,398,,,,,,,,
421.0,2025-03-14 22:34:59,1.19,35.04873331846653,1.785,conservative,loss,-35.04873331846653,0.0,0.0,none,none,0.0,-35.04873331846653,1102.8971536447325,398,,,,,,,,
422.0,2025-03-14 22:35:00,11.25,46.32168045307875,1.5,conservative,win,23.160840226539374,0.0,0.0,none,none,0.0,23.160840226539374,1126.0579938712715,398,,,,,,,,
423.0,2025-03-14 22:35:20,1.84,0.0,1.785,conservative,win,0.0,0.0,0.0,none,none,0.0,0.0,1126.0579938712715,398,,,,,,,,
424.0,2025-03-14 22:35:45,3.84,2.00188087799336,2.09,conservative,win,2.182050157012762,0.0,0.0,none,none,0.0,2.182050157012762,1128.2400440282845,398,,,,,,,,
425.0,2025-03-14 22:36:10,3.14,50.0,2.415,conservative,win,70.75,0.0,0.0,none,none,0.0,70.75,1198.9900440282845,398,,,,,,,,
426.0,2025-03-14 22:36:21,1.03,42.868505574180574,2.76,conservative,loss,-42.868505574180574,0.0,0.0,none,none,0.0,-42.868505574180574,1156.121538454104,398,,,,,,,,
,,,,,,,,,,,,,,,398,1000.0,1156.121538454104,29.0,0.5517241379310345,2025-03-14 22:27:00.339757,2025-03-14 22:36:21.511422,9.352861083333332,default
428.0,2025-03-14 22:39:52,1.95,0.0,1.5,conservative,win,0.0,0.0,0.0,none,none,0.0,0.0,1000.0,428,,,,,,,,
429.0,2025-03-14 22:40:14,15.06,44.27500000000001,1.785,conservative,win,34.755875,0.0,0.0,none,none,0.0,34.755875,1034.755875,428,,,,,,,,
430.0,2025-03-14 22:49:25,9.16,49.97870876250001,2.09,conservative,win,54.47679255112501,0.0,0.0,none,none,0.0,54.47679255112501,1089.2326675511251,428,,,,,,,,
,,,,,,,,,,,,,,,428,1000.0,1089.2326675511251,3.0,1.0,2025-03-14 22:39:52.897430,2025-03-14 22:49:25.753628,9.5476033,default
432.0,2025-03-14 23:03:38,2.53,44.87000000000001,1.5,conservative,win,22.435000000000006,0.0,0.0,none,none,0.0,22.435000000000006,1022.4350000000001,432,,,,,,,,
433.0,2025-03-14 23:04:03,3.5,66.05236830500003,1.785,conservative,win,51.85110911942502,0.0,0.0,none,none,0.0,51.85110911942502,1074.286109119425,432,,,,,,,,
434.0,2025-03-14 23:04:18,1.37,59.33282180666586,2.09,conservative,loss,-59.33282180666586,0.0,0.0,none,none,0.0,-59.33282180666586,1014.9532873127591,432,,,,,,,,
435.0,2025-03-14 23:04:40,2.36,46.713225048569754,1.5,conservative,win,23.356612524284877,0.0,0.0,none,none,0.0,23.356612524284877,1038.309899837044,432,,,,,,,,
436.0,2025-03-14 23:04:53,1.15,52.56703445399997,1.785,conservative,loss,-52.56703445399997,0.0,0.0,none,none,0.0,-52.56703445399997,985.742865383044,432,,,,,,,,
